Name,Status,Price,Stars,Ratings,URL,UPC
"NewPad 10 Tablet 10.1"" 64GB NEW",Brand New,"1,244,394.99 VND",Ope,Sponsored,https://www.ebay.com/itm/335478423185?_skw=tablet&itmmeta=01JD6DMSJKX2S97PMQ5HJT53YQ&hash=item4e1c127e91:g:YxIAAOSwK8NmjX5e&itmprp=enc%3AAQAJAAAA4HoV3kP08IDx%2BKZ9MfhVJKmetqnbzr1bS3SMvfme5yc8%2BPGeVvbkmxub8bZNswtnJD983HUkZqkfr2BIcRXqJrYa6cGap1iX%2F6yrjcVNr0C29RpyqYGu47QKkPxMllWt49CdjwXgO32SDgSjMWbNw7N5EdluwXqglXm7scLvvn94eWMi0Mg1uTqsNg8JkKN000Bi2EodEyWFnNgeE4Cp2UJTGnb95NTHB8UqNM%2FBsuuyn8iQCdgAK6NYQ4LId06VoJ9xJST7BM6BxVi1dn3mqj8%2B%2FGP8yZfDHswBMCGuT8JM%7Ctkp%3ABFBMxpnTzelk,
Samsung Galaxy Tab E / SM-T560 / Tablet PC WiFi,Pre-Owned,"1,076,595.98 VND",Ope,Sponsored,https://www.ebay.com/itm/196833154559?_skw=tablet&itmmeta=01JD6DMSJKRS0V5SYXT54Y67AC&hash=item2dd42b95ff:g:le4AAOSwAuFnPkHL&itmprp=enc%3AAQAJAAAA4HoV3kP08IDx%2BKZ9MfhVJKksRYSvs%2BGfpNO%2Bwf5sGBlecq8YNk3n89Sc8kHGIyY9bqmxuASFQE1OtV6yc0OPFHvV41fdTTjMFnCTsv8dIJ5coznCSedInn0SE74kIM9ZR96n765g4awQoZydsqZxND66jtvn1BHjqNc8SxzHtsW31U4wPjZRKnLDrmCbqW5wpQzbd%2FrSlXTuPRjr4G2u9IWzk6B9whkOpc6tIPiR76sLouBbnAUm4EV%2BlXeexmsZvdz8dL3Y3tIuyiW3cJ2z%2BFprIH%2FtrzzDnBVCcyozvkiz%7Ctkp%3ABk9SR8iZ083pZA,
"Apple iPad Air 2 9.7"" Space Gray 16GB A1566 MGL12LL/A Wi-Fi Only Very Good (BH)",Very Good - Refurbished,"1,522,789.95 VND",Ope,Sponsored,https://www.ebay.com/itm/196829286277?_skw=tablet&epid=22064958764&itmmeta=01JD6DMSJKE7XCC51RVFGB6SN8&hash=item2dd3f08f85:g:knYAAOSw0rRhr4vL&itmprp=enc%3AAQAJAAAA4HoV3kP08IDx%2BKZ9MfhVJKm7aVTGftdmYKYK5vKbWemh8mItROBDF8sCjxLsgb6R96U7y%2BlHkkns2FmeI9ZUHFYhbnOzesAxve3CxuapnGtQzUT9XKcUFEP%2BLBzoW6Pj2KW7960ylO9rrnnyn9tnk6ZHQu5g5aGQkKvYZG%2FqMSb2%2Fnr1VzEla6aVH0iS51BfaXCF7fwc0KnmszoJBg%2FYba9ROgA6xae0JAiQh%2BZqxGflSkfeo3UrP2w9T9wc3woRixmolr%2BcRWCHdDTyPlZrOxa9i8cmEGdHtTjV9kneTykl%7Ctkp%3ABFBMyJnTzelk,
Apple iPad (7th Generation) A2200 128 GB Wi-Fi + 4G 10.2 Space Gray VERIZON 7,Open Box,"5,331,161.88 VND",Ope,Sponsored,https://www.ebay.com/itm/226459095638?_skw=tablet&epid=6034330906&itmmeta=01JD6DMSJYY7YT00RQKM68PJSN&hash=item34ba039256:g:NJAAAOSwdB9nPmm9&itmprp=enc%3AAQAJAAAA4HoV3kP08IDx%2BKZ9MfhVJKkq--vpPdjLOZMEudPl%2BpHc4jlvnOo9WFcNnDWJSqMci%2FyvZ89GZIBWjsyPcCmEugKKfmBwAf5UH60%2BIa0f12TWQ4Z%2FLDw7ZdJ%2FG2Cttxr9jKjzGnqc6UFGzvnpvxyc3w7Di3ks86rHb4dcpAyra7zV3M7T52BQjwiktOdMB%2B6z0mdMh89lZCMarwJT1cDxRpe%2FbDyLk00p0SQqBiKRqfORCt2PcF8oubIiEsXdDKXbIa6gMwM3BuFSKISrTYqGTwiWZqrDP24d3mzOyRWjUzfP%7Ctkp%3ABFBM5JnTzelk,
"DOOGEE T20 Ultra Tablet 12 Inch, 10800mAh 32GB+256GB Android 13 Gaming Tablet 4G",Brand New,"6,324,849.00 VND",Ope,Sponsored,https://www.ebay.com/itm/364459300961?_skw=tablet&itmmeta=01JD6DMSJYXWG44M44K2AT62HM&hash=item54db779861:g:xGEAAOSwu2Bm2tfv&itmprp=enc%3AAQAJAAAAwHoV3kP08IDx%2BKZ9MfhVJKk8JhZnpvw8kmSWMnKcL0pQLGLT2jThoQgHRRx5soN1xV1eqArAGe1bkcoB3GgFDCvlEivu8xuXvUitfFlS2W1p6OblHYlW%2Fa%2FBAGqgk3x1N9rExVYKmNwdFKwsCbz1YhI%2FcZzJFIHUOM8GygtG0Zm7Em5HmOPuiMPa7dV1juJJUinksHXZV3jjIEinpLZcuAhDtg1CXDDku1ZVXdORWZo20boWmgvd6lBqZP11ptRQ5A%3D%3D%7Ctkp%3ABk9SR-KZ083pZA,
"Apple iPad Air 2   (A1567), 16GB - Space Gray 8/10",Open Box,"1,498,404.99 VND",Ope,Sponsored,https://www.ebay.com/itm/275939623955?_skw=tablet&itmmeta=01JD6DMSJZBGBYST9VTN465JZR&hash=item403f488413:g:9-AAAOSw9QljUB7x&itmprp=enc%3AAQAJAAAA4HoV3kP08IDx%2BKZ9MfhVJKlGij%2BROwRuvICwM4vO%2BFZH62iOMI2PrCAPxLtZ0uCXO%2FEeFZyIURIUernrtmf8AWhQ8fLHPPGn1H1VJcL1MnSN%2Fnz0L%2Fwd49ZEghNLNBqzW5zVpfoUDjo1P9IbYbapNGN%2FhB8Gx1MsnaOwuj8AUhU7m7YW0mB0llMafBDVbHSWzyvT27e9DaY0HtDWVjiIwgbLnMNvVo6KfPD8XBTqX1q8MXh%2Fh8sfGZbO4rYw8%2FNHwQOYN%2BDzHKnqqh7%2Bvf4m2yGKKYiJlaR6urcfRgXE%2B2Y6%7Ctkp%3ABFBM5JnTzelk,
"Kids Tablet PC 7 Inch Android bundle Free Case, WIFI, Dual Camera, bluetooth",Brand New,"1,286,931.25 VND",Ope,Sponsored,https://www.ebay.com/itm/276346693150?_skw=tablet&itmmeta=01JD6DMSJY6Y4RMYTD6AVZDQ75&hash=item40578be61e%3Ag%3A%7E5IAAOSwt8ZlzLhI&itmprp=enc%3AAQAJAAAAwHoV3kP08IDx%2BKZ9MfhVJKmgum%2FkotdOH62midmflF98VwTen3xdDdE9J1eCtfRqQsjVbhOPZJ%2BzRjRHYcFokmUEneQi4oOryYqtZqppuSq70YAGFznG8OYQ5GX50W6oo6awKshk16SvlLH6CXdvA8Ler1wGS%2Brmjb6f%2Fn8Eu4q3JyAYKG9TQ8J0CCvv6Zp610vxeGOdezL6GyRilCp%2FF2hyOYnire%2BC4Vja%2B7SQnlc8oZPcTtCy2qTzl5aLjwj77g%3D%3D%7Ctkp%3ABk9SR-KZ083pZA&var=578811367063,
"Ematic ETH103PR Cinema Tab 13.3"" Touchscreen Dual-Core Processor 1GB RAM 8GB",Brand New,"1,827,855.96 VND",Ope,Sponsored,https://www.ebay.com/itm/166468733898?_skw=tablet&itmmeta=01JD6DMSJYDGTMPVMRST8XH3P4&hash=item26c24f4bca:g:iEYAAOSweFZlZ591&itmprp=enc%3AAQAJAAAA4HoV3kP08IDx%2BKZ9MfhVJKlBQaS5P8s40SMFkToVfOaACYh1p7%2FwKVXqdPJudwxwzcZ0yum6xvhYk7gEHINiBjvBd6fJcXoylmrd2aI%2FJAjbcoDmH6j8DEEYsU4Gtqr0ymqwsbnDsCoAbVLhhhnnlQk8ynx9ym66cUa7KiE%2BAWOCj7afmoYywm3cm3db%2Fnz31s4l7UIqdXxRp46jOIjPXUnObSDYiJokcidglaeGDwZ4BBQ5L%2F5TIhoJvMHr1OClCmDqaX0RdvG2Kw8Z0QGlCDbYiOhCAill9cC3XybF%2FV%2FO%7Ctkp%3ABk9SR-KZ083pZA,
Apple iPad 10 (2022) Blue Silver Pink Yellow 64GB 256GB WiFi or Cellular - Good,Good - Refurbished,"8,255,070.99 VND",Ope,Sponsored,https://www.ebay.com/itm/156050042033?_skw=tablet&itmmeta=01JD6DMSJYC889Z71H2K459KK3&hash=item24554eacb1%3Ag%3AFHYAAOSwFTxlxAIf&itmprp=enc%3AAQAJAAAAwHoV3kP08IDx%2BKZ9MfhVJKlFbxnD5vJ3FK1jR599zDoLpFEo3uPiuBYlemFPM78YfVHh5z%2FXKV30D9tdXxehRkAE6UvEny2eiH58lshFvPnMtmwVrbgsN65MbbLZwIIKHUdfmHue4DnnuRXHNfF1GNlQtusdm%2FmC8qqusXOhbuCH3pMcz8TubHIFN%2BhoUg8p2MHZTK5MZPVaub0D2uI33AH1%2FLEMl7Smml2Kbya5SuH4Qgy2oxFyftHjnEITDknVQA%3D%3D%7Ctkp%3ABk9SR-KZ083pZA&var=456698685113,
"Maxwest Astro 8R 8"" HD 32GB 4G LTE WiFi Android Tablet, Unlocked, Factory Sealed",Brand New,"1,522,789.95 VND",Ope,Sponsored,https://www.ebay.com/itm/145569332090?_skw=tablet&itmmeta=01JD6DMSJYY61N78Y8EBQMVZC6&hash=item21e49bbb7a:g:nusAAOSwwbdm5ab0&itmprp=enc%3AAQAJAAAA4HoV3kP08IDx%2BKZ9MfhVJKnneBFYyXvnVrp1ja74KJkWa9oD%2Bshy6ou4KEa40rZ0MJ0Hr6dv1BIHMHddp7qdpbCZgmBqfD7hPdywddOWlWnMCJheQHeZ4RlYI%2B8GoX0%2FVksjHcUhKNvQ9uOY47O%2FOJ1xPtp8N3RHPDZuxMMjWJi9Lk9RkbWexpyb%2Bq5QtqcCdZwnvZBlVB2iW3M5aalAYb34rZuJx48r35WwnRNDyDKrqLyzDnQLho9ob%2B5hRqUtXqKpx5om%2B%2F12744nCmjQXO41HfM4WS6p74MCU9Dbr%2Fjl%7Ctkp%3ABk9SR-KZ083pZA,
"NEW BLU Tablet M10L 10.1"" HD Display 32GB WIFI + 4G UNLOCKED",Brand New,"1,600,008.99 VND",Ope,Sponsored,https://www.ebay.com/itm/266767717016?_skw=tablet&itmmeta=01JD6DMSJY4V20SXKG386A5HSW&hash=item3e1c985298:g:1hMAAOSwkgxmohlr&itmprp=enc%3AAQAJAAAAwHoV3kP08IDx%2BKZ9MfhVJKk2m1DwEIWTbRpCSL3L3MfOrmJGL2buAYWpJOGYGQDFkwK2Bz05AGRudSNz3Wlp7zGjD5zspcnnC0HSGQgaZpDj6oHV75dckumflMPYMiu9QYYpc9IMDnZWY6HQSdBzveuN4c1xmYenfYDTZ%2BsXKc6%2F5cRixJrr6F9Z48Ft1mbBvcEwD6HhMDX3GY7pa7CQ4vm0Pp9fkgMQhwjO5BNjkQoTUl%2FK3Yhh0LXM%2Bx%2FQXoxGsw%3D%3D%7Ctkp%3ABk9SR-KZ083pZA,
10.1 Inch FHD Tablet 12GB RAM 256GB ROM Deca Core 5G WiFi 4G LTE Tablet With Fit,Brand New,"2,502,727.20 VND",Ope,Sponsored,https://www.ebay.com/itm/176474990943?_skw=tablet&itmmeta=01JD6DMSJYN0MX1NZC3J0BDSTT&hash=item2916baa95f:g:LhQAAOSwpklmlqnN&itmprp=enc%3AAQAJAAAAwHoV3kP08IDx%2BKZ9MfhVJKm%2B9jnM5UsqAcN0aPcERKYTCqT%2BfNZkqAlpZ7GdqCUg7wunLHEmLlsUxlTNW9DgLl23gcHdkCW0b4fgvafdMTE5ipgOP7tZlj2%2FO2cvTf653E9hcA--rPSrfDmV7wB6CF14Ax6mYC0DDFLLYvxdxQ53oZSLE6DiDzvkxVaykkGXDsIAWqxcrx50KaP70hsqQLQ6K6MAQJM6AIZ5hHzelH3yHtgXHKLfEw3Fdeme78fhaQ%3D%3D%7Ctkp%3ABk9SR-KZ083pZA,
"Apple iPad 8 10.2"" 32GB 128GB Gray Silver Gold WiFi or Cellular - Excellent",Excellent - Refurbished,"5,232,351.99 VND",Ope,Sponsored,https://www.ebay.com/itm/165442766571?_skw=tablet&itmmeta=01JD6DMSJYSDQXTZ6FZWN38REC&hash=item26852846eb%3Ag%3A7RcAAOSwkE9mWhow&itmprp=enc%3AAQAJAAAA4HoV3kP08IDx%2BKZ9MfhVJKn4sa3SEFv93IaB4jjO8hFaTZ%2BM2vEpiHfhT2XFXW4I37eMP06tlol%2FfpRcJI%2B4Di8SctW0zbgeFobC0LCld5mW0VvA84CB2VTTtUX8KU%2BsOEiA2Icr%2F3A4wjhYhh8mumOEPt2MNGY8hz0Yc6sOHhTG269cWHTFYhaJc%2FhGewDDfrIsPfD%2FpuhPMQmcbj0Rs7IMLJ4V2FSrkFVbDuuSe0ybEDeHw3TgoW44Vddi2xD0iJOf2xOYxXPnZua%2FIcNLWdxTQbtCoIReFMlO8hk3PEKp%7Ctkp%3ABk9SR-KZ083pZA&var=464999843532,
"Alcatel Joy Tab 9029W 8"" 32GB Black Tablet (T-Mobile + Unlocked) - Excellent",Excellent - Refurbished,"1,193,592.99 VND",Ope,Sponsored,https://www.ebay.com/itm/155490931773?_skw=tablet&epid=3040797033&itmmeta=01JD6DMSJYMMK4AM2G0QMR1PVT&hash=item2433fb543d:g:WZEAAOSwjJxkLpfs&itmprp=enc%3AAQAJAAAA4HoV3kP08IDx%2BKZ9MfhVJKkJr6J4w22VcQQc%2Fbq02agFBY9bwU2VD6004YphEid0A8km6rcWsQruf7%2BuYsrp8blrH%2FRrel3JsRvryDujyar1TFC8Bs6JszDRv5vOBKbNjr5brdhxw2FsuPxh0tUIrOOwdSwWoaDC5nqG%2FAWloDOkFeCK0lA2jeEGVNQ5zrmLFCd1Vqh3NkWrZuwEoHRkUUfibmk7b2wsh1GiD6yjJAFmWFTWNJUBZ7j5wXIPtJrHS3%2FH6P5BI5jRqcnbTsnkw0pBw9Myx0x6u72xgUe5OrZZ%7Ctkp%3ABk9SR-KZ083pZA,
Apple iPad Air 2 A1567 64GB Wi-Fi + Cellular iOS Gray Tablet - Brand new Sealed,Brand New,"5,079,945.99 VND",Ope,Sponsored,https://www.ebay.com/itm/186795997683?_skw=tablet&epid=216516015&itmmeta=01JD6DMSJY2VHC21TFBW1N05MP&hash=item2b7de8b9f3:g:DNgAAOSwsgxnPexo&itmprp=enc%3AAQAJAAAAwHoV3kP08IDx%2BKZ9MfhVJKnHw8tJE8%2BJZIDMWgZRPnoj2V%2BUhiryW71tvutpk6xVzQ2caCD4puMf8H%2FtevJ%2Fi421%2BEHYdUsakAoPHdUikK4evFzGHKRO7DX0k3kOnHByiqTRnGi7vDHaVr09m7QbLOKTcmG%2FzE1o87eA89z86KjuhzeDv%2B25edxXZ5c9NbXoCzp0nVrQd4Nlg%2BoP4MCdtoc8dhFUAfMfIi%2BZ5URZEmYcvSw%2Ffw2Dk9pm893WuilYLA%3D%3D%7Ctkp%3ABk9SR-KZ083pZA,
10.1in Tablet 2.4G 5GWiFi 8GB RAM 256GB ROM 1920x1200 5MP 13MP Octa Core 5800mAh,Brand New,"1,755,717.12 VND",Ope,Sponsored,https://www.ebay.com/itm/116239339884?_skw=tablet&itmmeta=01JD6DMSJY9P0MXDABX2APME61&hash=item1b1067916c%3Ag%3Au8sAAOSwq9ljoWPL&itmprp=enc%3AAQAJAAAA4HoV3kP08IDx%2BKZ9MfhVJKkXP8kc0VDeC99AzQdNlHniOqYrzTdteiT%2F6R%2F66piP%2FjeJz5cNJDnmz7IibQ3WI2XGOT65NgoynyTKGhpkpcNQILU5AYguN10X92DhWj1MoJKN9znOdJQQswRkMLDLAw6vbj0u4dKnoPal587uwGKqzdYxx%2Bv%2FWIWUl86qEhKfSXAvSP5KIKBdqDSYJNOY2wnEvbukiEixx20IhyZpqG%2F%2B7lGNouc91U5fG%2FjT2K%2FUnyHi%2BekVuI4ZJ9PKQu8KbRX0WRi8%2FAd4IHwmXTvSMlP3%7Ctkp%3ABk9SR-KZ083pZA&var=416465329212,
"Onn. 8"" Surf Tablet, 32GB, (2024 Model) - Silver *New, Open Box",Open Box,"1,523,297.97 VND",Ope,Sponsored,https://www.ebay.com/itm/146206220589?_skw=tablet&itmmeta=01JD6DMSJYQB0T0Q35X6SS1CS4&hash=item220a91e12d:g:OVsAAOSwX2lnPNl3&itmprp=enc%3AAQAJAAAA4HoV3kP08IDx%2BKZ9MfhVJKlCxi%2FyJ8%2BpuEGmmjUqjpuc%2FMn%2BvuOc8ZmvU2XhKXAeZXKAkqqbiv3Re4QM5tO4VguvuiCYTaJSjICEtUV24TeK1h%2Bv1MhoC7moUgCK%2Fk8S9TaUj21pZZ1mzPRHnXlJBrSVLPraklBReQHySJJqjxLl2hNrWs%2BAsuNHlmiGjWTZKxAoEkydGBdREhpS3RqbFw7RXx3Dlo7Y%2BliWbeKq16%2F4AGyaXbB4hEgZxUwEAo%2F0GLUWJsNfbReIAYMMbyXpntPVTQNecpyeV2rp%2Bl62bhRw%7Ctkp%3ABk9SR-KZ083pZA,
"Samsung Galaxy Tab S8+ X800 12.4"" 128GB Graphite (WiFi) - Excellent",Excellent - Refurbished,"9,956,937.99 VND",Ope,Sponsored,https://www.ebay.com/itm/155988312718?_skw=tablet&itmmeta=01JD6DMSJYVKMAXEGYM4YTDSCX&hash=item2451a0c28e:g:-roAAOSwr7NlllBu&itmprp=enc%3AAQAJAAAAwHoV3kP08IDx%2BKZ9MfhVJKnea%2FfXCZOWEYGKXZjfbwP9r4JCPjfoAYcC3ftdZL4mI83qU3rXgszDtRniUi6bWnpxABKkw%2FKgpQGCioNuuHtQ5vPHlmaj1JC2icDs6a%2BOi0uVQcppmOoeSa7smdk4xCOMxVRTg3TQeCs3Qne7mYuj%2FRToHu1XdxfmeWxNgSNePjBGKcGROcUFyG2p0CoO1Mggc496rp7vaSr%2BcbFnXy7F7wZ%2F7DOHACNL%2F4XXNSPU7A%3D%3D%7Ctkp%3ABk9SR-KZ083pZA,
"Apple iPad 5th Gen 9.7"" 32GB GRAY WiFi  -NO TOUCH ID",Very Good - Refurbished,"1,777,815.99 VND",Ope,Sponsored,https://www.ebay.com/itm/196341967640?_skw=tablet&itmmeta=01JD6DMSJY8K5M3VN6VW4W15RD&hash=item2db6e4ab18:g:~3YAAOSwqndl72-L&itmprp=enc%3AAQAJAAAAwHoV3kP08IDx%2BKZ9MfhVJKmdE2HSYgGpN4qmjsK4FHq1NH%2FaNEhd%2FNjdHx2NZluf7uBkLH4tK6hhTJNJeNzRh7OK60wZmD7Rj4IX06oIxkWGjhl%2F7gj2JT2Zdz9iQTtAm4dtBJnpcAysKFX59pxUP7K%2BMd7gPppTI%2FrT6OYc9GgRWbDDZqIgJ7V%2F0N4qjIvdOcXHGZi0HbxnnfZeAVUVs46LLHB4Omfv9CNEJWlJoSj8LUmcOqojchsX%2Fef5tphgvw%3D%3D%7Ctkp%3ABk9SR-KZ083pZA,
8Inch Tablet 4GB 64GB RAM Dual SIM Dual Standby 8000mAh Battery 1920x1080 Du GF0,Brand New,"1,166,774.72 VND",Ope,Sponsored,https://www.ebay.com/itm/145684958562?_skw=tablet&itmmeta=01JD6DMSJYP6P8XHARCFYZYRWW&hash=item21eb800d62:g:mbMAAOSwXQ5l~7Zj&itmprp=enc%3AAQAJAAAAwHoV3kP08IDx%2BKZ9MfhVJKkj9Uqe9KiB%2F5BRBh5ULjkZF%2BX6WX5bRyQ4EG1EGVn9Ew3KVpOm4MJJrmUg4%2BcusWWcq8a5xf0w3lf88VAZx3vZWVXrmh4aRQOngBcnCjqiJFImYa6MMn9nBzW8anPJ42yfhOdruaAYojCBF4UxX4hJ%2BCZREb9j4etsAj%2BHaOQ2JbAecCdSRyJWexGRtePmi4q%2FykQmsZeXVqPR0SW5RF6Imc8O0PcwMcBviCVkEYkrbw%3D%3D%7Ctkp%3ABk9SR-KZ083pZA,
"Lenovo Tab M9 TB-310FU Tablet - 9.0"" IPS / 4GB / 64GB / Wi-Fi / Arctic Grey",Open Box,"2,539,845.99 VND",Ope,Sponsored,https://www.ebay.com/itm/256648311754?_skw=tablet&epid=5061713856&itmmeta=01JD6DMSJX48P7R5P1X9JCHJGY&hash=item3bc16e73ca:g:MLYAAOSweHFmrRAc&itmprp=enc%3AAQAJAAAAwHoV3kP08IDx%2BKZ9MfhVJKly5ltSw6gUdK5mFGptEKcDYy8xxqwEC7fZZa%2FmsQwZurLdjEqg%2BoqasYDiNqbnTpIc4w7jfhe7rZ8M--gEfRFXP0v6tE9kwAex8FPVI4KDgONH0%2BE6MO4ab78979l4m2q%2FKweYnS3u16qPBqLL9%2F4LR57c7MXL%2F7mYWgddE32W%2BMJVeaj85TAB2awqEtkJMuQqslspMBwlvJhB%2Fik7hTUPcQQUQ%2F6AYJv7%2F7dgOZQpGQ%3D%3D%7Ctkp%3ABk9SR-KZ083pZA,
"RCA VENTURER GEMINI PRO 10.1"" HD Android 8.1 Tablet Laptop Bluetooth 1GB 32GB",Good - Refurbished,"1,932,490.76 VND",Ope,Sponsored,https://www.ebay.com/itm/204051597682?_skw=tablet&epid=22048087917&itmmeta=01JD6DMSJX9M2PQQP3G71D7Q9F&hash=item2f826c4972:g:2FkAAOSwo~Bi4SRK&itmprp=enc%3AAQAJAAAA4HoV3kP08IDx%2BKZ9MfhVJKnVePLm9g7X66eh3DR4kpzvp93WSy5cxIMGqtB%2BDqO%2FEF4ilYRrvgP%2B%2FG5gEhsnj8AQZNMZBKGWaakxTQY%2FPO2AGF6oPTvrE9rF9AbEBIiv%2F1d4%2F2Ys0Ns%2F6M%2BvhztOwx5HRtRz0Oon%2BQ%2FIJGEWn%2B5ASyj8rr%2B1cJiQ2L%2FcsM3v%2BoMn%2BNRMkFOZNRKsY5XzLgD%2FdgRR4HS%2Fi6cs%2FnzuZ6zMIzP7nPnovpbojAIo8qyafdgy%2FFWiuRSUNoIYhcxI81DoTfgLlxDrvD8Pz78kV%2B0Z%7Ctkp%3ABk9SR-KZ083pZA,
Apple iPad Mini 4 16GB 32GB 64GB 128GB Gray Silver Gold WiFi or Cellular - Good,Good - Refurbished,"2,311,236.99 VND",Ope,Sponsored,https://www.ebay.com/itm/165350437195?_skw=tablet&itmmeta=01JD6DMSJXNESTDRP3QWYJ9HRH&hash=item267fa7714b%3Ag%3AlvsAAOSw0Eljjrg6&itmprp=enc%3AAQAJAAAAwHoV3kP08IDx%2BKZ9MfhVJKl%2F4xEBlUTM%2FUJZSlA07M%2BXJmATP2l6Duf06PTP%2BXWElPJkIac09XilW1nG2q5Buf7xnejkWfQWqPs5apoHWEWyYzb8vRhTaYtoZDl4M35%2Fb9SsWu3T10X8upkeKT2uI9tEMRrU9FPWpZpDLyzmCRupZG%2FP2moEouUdKxBduYqv4OV231rFPEtL3RwDnrgq3FC62ETyNIgb6PxGUw6i79kfR4Oiz8NB2IEyyxLgNbQSIQ%3D%3D%7Ctkp%3ABk9SR-CZ083pZA&var=464896601092,
Amazon Fire 7 Tablet 9th Generation 7in Display W/ Alexa 16GB plum 2019,Open Box,"723,674.49 VND",Ope,Sponsored,https://www.ebay.com/itm/326243008884?_skw=tablet&itmmeta=01JD6DMSJXDBRN593J518DH9DR&hash=item4bf5994174:g:gWkAAOSwDMpmx5Mq&itmprp=enc%3AAQAJAAAA4HoV3kP08IDx%2BKZ9MfhVJKmk6SZFhF4xw535w3mHzPQmgaBx2XsbfCwpHla0wdRnzf8I7iwcOwhNvi%2FMGlfY3WpRZAE8RM45sGkwIdNHAQodR0pNVPxzoV2djHdlxwJTijCUAbEbT--gclZICQ7SmhfKMNBnc8Z7TzR8O5sX88Va5wsRUMOhZlCxYPCpvW61vebDsZw3XxP4pIOpHHWGM273JBheLhy7szhal2sk7Mz22jgEQFO0Xcz%2ByUMRhBRa4lVxHG%2BTZewUyU%2FQJbp1ZiQfwIp%2Fj7sysqT6DhijOTeh%7Ctkp%3ABk9SR-CZ083pZA,
"10"""" Tablet 4GB 64GB Octa Core Processor 2.0GHz 5G Dual Band WiFi Tablet",Brand New,"1,638,040.79 VND",Ope,Sponsored,https://www.ebay.com/itm/404732090921?_skw=tablet&itmmeta=01JD6DMSJXC9AG5BFRDKXG1C12&hash=item5e3be99a29%3Ag%3ASCcAAOSwy9BjmWzD&itmprp=enc%3AAQAJAAAAwHoV3kP08IDx%2BKZ9MfhVJKkFkSaedG8hk4o2t8qnfoAIJr79RgFmbcG21eXxk005kjeUIaBFrTSlqT83CD1fBYOrY4%2Bl7%2B2XO630vGJy5wca1RZfeoHQDy4pNwx2euxsNjmiSQctFbb9DKrYJylvbLxTMletS%2Bmcg%2B3bjHYrSj%2BqZFWf4%2F7BwW8pOwKiH%2B3%2BuC6GLOmXuj%2BE8uI58sn7AR1pZ2lyxVokvWG23%2BxXbTwlkgT9CFaMU3zpSVajw2l8GA%3D%3D%7Ctkp%3ABk9SR-CZ083pZA&var=674730794490,
"8 Inch Tablet Android 13, 8GB (4+4 Expand) RAM 64GB ROM,1TB Expand, 1280x80",Brand New,"2,232,747.90 VND",Ope,Sponsored,https://www.ebay.com/itm/395857471345?_skw=tablet&itmmeta=01JD6DMSJX6A65FA5HFV6TZ4RW&hash=item5c2af1a771%3Ag%3A5HAAAOSw4%7E9nJcq8&itmprp=enc%3AAQAJAAAA4HoV3kP08IDx%2BKZ9MfhVJKlFM%2Ff89eb7p2boH0uX%2FXKsD1Vs%2FaVApVI7fqGEa1ZvGQ4W%2FxL38zra33PN5K%2FHBbDXrSrWfC4YjJ%2Bh7qyorN4P4KpkbfVJ0DZwgA4pKWK0%2F49fPCRQ8U4b0UjQ5e1kbKdTG219v2UGEdJa%2FEMQ%2F7%2F8G%2Fj9D4sp6J4W%2FpQcaAMs%2Fa8WJc80ChDF3GtHjnpNtJSygDjvblG03o1fm512uCniPJX7lnvOvLI0M5v4aRxgLiqDF748nw92QvuuVFj7r5cl45qIZzGE8DpWucdpC5FW%7Ctkp%3ABk9SR-CZ083pZA&var=664538717162,
"Android Tablet Pro 11"" 1200x2000 Onn TBSPG100110027 4Gb RAM 128Gb New Open Box",Open Box,"2,283,549.90 VND",Ope,Sponsored,https://www.ebay.com/itm/167090083494?_skw=tablet&itmmeta=01JD6DMSJXN5SQNRC2NY6S0GJ9&hash=item26e75856a6:g:Ph4AAOSw7vhnNf~0&itmprp=enc%3AAQAJAAAAwHoV3kP08IDx%2BKZ9MfhVJKnfK5p8hiCwy4zdK89CY50PK20NT1cRP1StYHRzNj9HDEECyQbtATseqTgcgisaHXlT2SHt7VAvT1oOqj1nz4pXJ%2F91osXtBjhSsnV2RdabKazvLKhOZeJ8lkJJq6OSN4XligqdG1%2BOAyjadDojWEiWNImy3qv3dbZM5HSuKYSvFB28GUWXP5jLhXIlGIOPhzBBHpgYN7dGjgnl41m%2BMSCWj%2BGs%2BskQXHql3lj0Z0wAeQ%3D%3D%7Ctkp%3ABk9SR-CZ083pZA,
"ASUS MeMO Pad 7 ME176C 16GB, Wi-Fi, 7in - White New (LK)",Open Box,"1,142,790.99 VND",Ope,Sponsored,https://www.ebay.com/itm/305872878590?_skw=tablet&itmmeta=01JD6DMSJXDZ8QYR4Y6M7087RG&hash=item473771bbfe:g:rPwAAOSwoMFnFX7z&itmprp=enc%3AAQAJAAAA4HoV3kP08IDx%2BKZ9MfhVJKnn%2BQat5Qay3t0ea97CNRvoIbh--kTeL1BdqoSVfqqJXul0ijeo%2BkZXvZJNEK809tEk%2BEFUkicEiBYQAL%2Bjq3hsddDl%2Br78TCHK6%2FY6Uh8q5S4tiQveYdIuJ0H94lHaB0PDUNiidLb4RZcDIX4yELrQfiZXUW%2F3P9wufEtFPzGCBMTEoJ1p6uSGrNa%2F4oVBou7yJO4BnPQ6W8g%2BiHunmaZLqzyYsH08vOYyuxFrbslJ2ylG%2FDIhpy5y7Hg7LCDFeUE%2F8eGQFCuuWpfx3BbBwwrt%7Ctkp%3ABk9SR-CZ083pZA,
(Black)8 Inch FHD Tablet 6GB RAM 128GB ROM Small Tablet Octa Core Processor,Brand New,"889,738.20 VND",Ope,Sponsored,https://www.ebay.com/itm/186373638289?_skw=tablet&itmmeta=01JD6DMSJX4B4DT8CKF65PR63X&hash=item2b64bc0891:g:CzAAAOSwsLJmDIJr&itmprp=enc%3AAQAJAAAAwHoV3kP08IDx%2BKZ9MfhVJKkEP5IssR5vuMogfR8vCNfL%2B9SZccXrBwkBvR5o%2BeLz8rb2lf%2BUJmeJfXByr02jajCqcOTxzqWLLdiA86n3qV0M4qeYeOHnB0uYLrN%2BpXc%2Fg6X08FO5RFA9qSEaUPgSZmrct6gk%2BiJsxwu6t4YMgyCIcJECT7L1s90nkd0PxFqJNgh55Q%2BUF21JbY9pPHy7lKsdbSPG3GW9uJFNZcAoHvZ8ft0fFtAg5jvSXHsbPG8Wug%3D%3D%7Ctkp%3ABk9SR-CZ083pZA,
New EU Plug 10.1in Tablet IPS Screen 12GB RAM 256GB ROM Octa Core 12MP 24MP Came,Brand New,"2,342,117.29 VND",Ope,Sponsored,https://www.ebay.com/itm/276718650174?_skw=tablet&itmmeta=01JD6DMSJXA8K4CSH8JFP5VVRF&hash=item406db7833e:g:~IoAAOSwhlZnKz1e&itmprp=enc%3AAQAJAAAA4HoV3kP08IDx%2BKZ9MfhVJKlTrFF%2F8fZpvHGGuHvEB0eOOq7rUsaFTw%2BR8TuLBmPDZfXJBXo%2FRPyUUq6xxt%2Ft4hZNuiVzyXs1CvuBAAPzfsVuV9aidYqj8VqSpi6ZM51HVh6Enh218iAFO1%2FZMjTKiJMAk2h0eGoJUy8A7tH41L9NphytUx0LIcQWgsfaq9%2FUkXTyli%2B3X85nBNHVZpGG%2BnB0ZlikyBrlQ9xw%2F%2BExLPYJpUCI4ZtSgR4CjU%2BZMxRJh990rGWCw5VreGzAxmaoU8QU7t5d4vNE0%2F9rYN76f%2BFZ%7Ctkp%3ABk9SR-CZ083pZA,
Anmesc Kids Tablet 10 inch Android 13 Tablet  6(2+4) GB 64GB with Shockproof,Brand New,"165,106.50 VND",Ope,Sponsored,https://www.ebay.com/itm/387631876260?_skw=tablet&itmmeta=01JD6DMSJXQDCY7K5RSN848K25&hash=item5a40a908a4:g:XGcAAOSwB2JnKsBe&itmprp=enc%3AAQAJAAAAwHoV3kP08IDx%2BKZ9MfhVJKnf1yYRB%2F71538%2Ftv1ddG2ZiqCXqSf3yVMvvgnTXzL%2FfVR4h1sOyzSMY6iWl%2B5mX1CxuQEIDBIed19ON25Ac7FdErRoSLPBbNy0b6MjbBeY4HXSiBOmtjR%2FPN8jLwtHZOqYeMhwY4ShOVoQI9vn06GvTcgSStkGRoMNsvbdUYyiyjLZ0ngur%2B5v%2BZBERqDIQJXaItKB8Cb1Grt5ECNpIEXv1cr24wzXIcF1JQGXjCcj6Q%3D%3D%7Ctkp%3ABk9SR-CZ083pZA,
"All New Amazon Kindle Fire 8"" HD Tablet with Alexa 32GB ( 12th Gen ) Latest 2022",Brand New,"2,898,897.20 VND",Ope,Sponsored,https://www.ebay.com/itm/155612954146?_skw=tablet&itmmeta=01JD6DMSJXG5AERJ9NTAS9GFZF&hash=item243b413e22%3Ag%3AJcMAAOSwfeljwx0k&itmprp=enc%3AAQAJAAAA4HoV3kP08IDx%2BKZ9MfhVJKkZHA1fEh%2BR31OIRtC1xEWHVJN7Wh%2B56RVQlU74ZyH2ZtuUcAKDElKIKRyVNEJ%2FIhg0pLtLIXQZZEd7VjuX9Yc0t8w%2FzNvafmHeGhb8BGrnLpqF86zr%2F283CPa51Uo4SWTWpdIg7k1rojI6%2FB4N2AsKlBp8dT4PHtb0xUbSEfhR684T2UcyPZgLEoApnGKIlZPqF4vKwRBVVP21TCqFZt9zDIQyGiZy63b458Ak4KLjimsVcZQSxXnw9UP2sCLA6Z1PthvMm8ZCgF0GGSlCevD%2F%7Ctkp%3ABk9SR-CZ083pZA&var=455896529967,
Ematic EUK910 9-Inch Bluetooth Universal Tablet Bundle (Black)-New,Brand New,"476,014.74 VND",Ope,Sponsored,https://www.ebay.com/itm/166472661502?_skw=tablet&itmmeta=01JD6DMSJXG0YJ0KXMWBT2C95H&hash=item26c28b39fe:g:45EAAOSwIaBlajYz&itmprp=enc%3AAQAJAAAA4HoV3kP08IDx%2BKZ9MfhVJKkjq3qTWqDPdP8%2B8bhEyY4MIRu3ZAvSWE7j2ZVCewUT3mfdVqqzBkZHTUoBuxbVIpRK0fa3G0I63k8ief%2BhIYfBY68tsO%2FHmIEhdnz6D1--WiAql9vJRCRD8%2BgXvdvsZ6cBC21kn8o%2BRQrDDWkdA6Zz50HL2S7dCUB8rCO8qurQIp4xrELiE3YYHIJ5XcfF5HQAIXRUXOW24GHpioGDwn9U0iyi78wHrefSi%2BhkCBqMBWE1k29DG%2B5%2BAtwHAYJ9TLOUjSNqXFSunWRhy6Zu5mac%7Ctkp%3ABk9SR-CZ083pZA,
"New Samsung Galaxy Tab A9+ Plus 11""inch X210 WiFi/64GB Brand New Sealed",Brand New,"4,669,353.81 VND",Ope,Sponsored,https://www.ebay.com/itm/335653217928?_skw=tablet&itmmeta=01JD6DMSJX4P5V0EY8Q2S5W3AZ&hash=item4e267da688:g:-cgAAOSw59xnJ7By&itmprp=enc%3AAQAJAAAAwHoV3kP08IDx%2BKZ9MfhVJKkY1BLb%2F467OSJMhWBv9sz8%2FWMPn1tPiaTt4rDTHIesZ7UoY1eXX3sVWh3hEQgNV40OuWcmuEGvPub8VjOnp8bSoe2ntGQj1JtE9gqkc7Q0cMgq0DYNO2KojC7m2C%2F4LbDujAdyFuqdop7x%2BQWIyvZxVRNehLaSXTLCmGxP28Nz92bw35DJReqS71EAITPCEFG2CrQMNK4Hk%2FjQgd%2F9JIzKNKB%2BVsxEOzMPCprU0O%2F26A%3D%3D%7Ctkp%3ABk9SR-CZ083pZA,
"Samsung - Galaxy Tab S9+ - 12.4"" 256GB - Wi-Fi - with S-Pen - Graphite",Open Box,"13,335,270.99 VND",Ope,Sponsored,https://www.ebay.com/itm/186465173901?_skw=tablet&itmmeta=01JD6DMSJX28PMTDDR0W10CNWH&hash=item2b6a30c18d:g:Py0AAOSwKqBmVyVM&itmprp=enc%3AAQAJAAAAwHoV3kP08IDx%2BKZ9MfhVJKmCC5qY07W9ntK91XUNclowEqTVOHaXCXHgDC1%2BPLdBy%2BhMnJYLOX5QWWEB5Nz2I7r2hzlcT3FJADJ6VOdVUrTuu9lvdWZOjg%2BgMytDn0kNPqqQfoG867Tay2URbAJAabZjS4dOID3Gkqbt84sWz3ratLth24XTAAT%2By%2F5fAU19Gwp3KaZXFkcNYeOIskGDc0p30iPd8P1ILkLGK2Lo715yk9hLFalytIKoROXw4T1bbQ%3D%3D%7Ctkp%3ABk9SR-CZ083pZA,
Apple iPad 7 (7th Gen) - (2019 Model) - 128GB - Wi-Fi - Good,Good - Refurbished,"3,784,749.00 VND",Ope,Sponsored,https://www.ebay.com/itm/364628182359?_skw=tablet&itmmeta=01JD6DMSJX370HEGH2MKPXY4VT&hash=item54e5888557%3Ag%3AExgAAOSwmx9fpFPc&itmprp=enc%3AAQAJAAAA4HoV3kP08IDx%2BKZ9MfhVJKkHJa%2F5ZSDuTJU0IHGae4%2Bv3q2gtM1Ebk1uliUl8bazL1rKTRD2W6Bz7ayISAnV7U%2BWACJRXnZQgKE%2FLmZbuRDJ6Q3ma5taJZynE19AUE8r2xVvFRxWGCf8oecggmJlHuoMdY5sJwlW7JYWiWHRFgxchoryXGqUfwahSHtpMV1DTT4HCXa0wKNWIhBn%2FRFy4hrbVjrppMoULC%2FdCkPl5Wyt5VJaLC%2BfnrJRIBzjOcRabGZlvpvuYnaZWGmQQQSTAApvZxb6BWlxnhSnEB7E1LZD%7Ctkp%3ABk9SR-CZ083pZA&var=634145580520,
EP103A Android Tablet,Open Box,"2,413,095.00 VND",Ope,Sponsored,https://www.ebay.com/itm/126787541882?_skw=tablet&epid=140836982&itmmeta=01JD6DMSJXQDNJW39H7Q9V6P9J&hash=item1d85205b7a:g:ZVcAAOSweeJnPh8W&itmprp=enc%3AAQAJAAAA4HoV3kP08IDx%2BKZ9MfhVJKmg1TijFMXAZ0VT2b9ppmFafdc9BDyYeUE2ux1%2FfroQWBegGCEVibSEeLK9VDonOnI0DUzIGSEAuN4qim4sk%2BzJv7LL5T2KLXFs7hfbEBWIwOf7Hka5uCbzWXEp7udtvDPtLVqC8v86EfTuc0lZqX78ky03w9epGT1TY%2FrfLPZu4PxzpdiJ9bfhyvIfyjdzj%2BUIdNWpFhxvUMYPwzWaTAv5LGlKUFfOsgaHv5AJA2KZZ8ZCqWn61DjHvZ9AUAaNXn8e6gGFzSyDWy1r0t%2Bo5UjN%7Ctkp%3ABk9SR-CZ083pZA,
AMAZON FIRE HD 8 TABLET WITH ALEXA FULL HD DISPLAY 16GB WI-FI  8TH GENERATION,Excellent - Refurbished,"1,220,893.48 VND",Ope,Sponsored,https://www.ebay.com/itm/364910549428?_skw=tablet&epid=6024215366&itmmeta=01JD6DMSJXY5DZHRRR9PFF6P4C&hash=item54f65d19b4:g:6cEAAOSwMzRmUKxg&itmprp=enc%3AAQAJAAAAwHoV3kP08IDx%2BKZ9MfhVJKnx5%2FaA6QwhiZtFB4lfzTFGk7xGT2Fv%2FNEzjkWrQzdVamDkABB%2FBzPPBPAsWttlFogx21Qp1LaoWHkXNE8o2zPKNNCDROdROtd3TpmPVgchwW8qxsMIWE0s5kwPUsnVIUeUdKCWDEEyaUVcx243RnzHtp8IyVbcey9qlUilZdU%2BEqewSvF4zsMXBVjvjPK%2BqivsS95K5YM88IqRxykTCliatsp4ovZGuDLZajZ3BVfKOg%3D%3D%7Ctkp%3ABk9SR-CZ083pZA,
TCL Tab 8 LE Metro By T-Mobile Locked Factory Sealed Tablet 32G Gray,Brand New,"1,193,592.99 VND",Ope,Sponsored,https://www.ebay.com/itm/305916522079?_skw=tablet&itmmeta=01JD6DMSJXANVJ9ZAEHSJA9391&hash=item473a0bae5f:g:8AwAAOSwytlnOsfT&itmprp=enc%3AAQAJAAAA4HoV3kP08IDx%2BKZ9MfhVJKnW1ndMJRRYM5CPysU9WDuedgNEs%2FL28c8GEX6dInroTsRPwlYwgupS%2BsVnUINoPEuwjlEsT7X3hPMk6UdVLc9ZNuB8PwG4YY9JgcqP2IowhUMIvrzsLGfAOxBRnrC31g2kSllmBvopCeAXQntfVxbDam3ibBME6i9FQb%2FgqpHvDQk%2Fxh2ABajmz%2B7Jt05v4M%2BQzp8sEd2WPKVpFn6jl9QpvlqwA%2FSpnIIk32vVSEHTedOWDXppTarpSgpgafiXTPNr0CL%2FJR8MTYPYmYuyowpp%7Ctkp%3ABk9SR-CZ083pZA,
"Samsung 8.4"" Galaxy Tab A SM-T307U 32GB WiFi And Unlocked LTE SMT307UZNA",Open Box,"2,539,845.99 VND",Ope,Sponsored,https://www.ebay.com/itm/326062225567?_skw=tablet&epid=7037698533&itmmeta=01JD6DMSJXNFT1CW2YNRYRYC98&hash=item4bead2b89f:g:boUAAOSwN1Jl~dSS&itmprp=enc%3AAQAJAAAAwHoV3kP08IDx%2BKZ9MfhVJKkYt07ol%2FkDcheMuqV5g8uYkoW73WhqNwUtK%2FMY2zfGRe4K6O3S7U4yFIllJcoBIF9RufeVOZbRdfkKZxkEwSInKSTTxo6MxCue57PaAh79nLYnyEmB5Fh6VC41G2gvL4p2S5dZgZC6HBP7j3YnKNqlXZciFaTaEnBG40MLhMdQuX9fm6PgATiz18asId4FN%2FqxUDqGZSTXd%2FAseRqTsN5AXzbwOsBTjnARqzvUrpvrfQ%3D%3D%7Ctkp%3ABk9SR-CZ083pZA,
MIMO MCT-10HPQ-POE-5MC Touch Screen Tablet,Open Box,"1,651,065.00 VND",Ope,Sponsored,https://www.ebay.com/itm/135331607912?_skw=tablet&itmmeta=01JD6DMSJXZTDXGQQN70M7XR1A&hash=item1f82647568:g:yH4AAOSwwQ5nImp6&itmprp=enc%3AAQAJAAAAwHoV3kP08IDx%2BKZ9MfhVJKlfPTo6923VI8PW41Vx9huM64eXZ0rLuIlmeOnG4G27gAWdWJqa4Gq3LRDXlXVWCQVvDWfhtMDG5jhi0wF0TN39KRFZL7hVArkDeKX7HJW1pctz3tfL%2F7HOjwpxtwQA8BRwPpYBJyCuYrYQGCztO6DG0Suzo%2Bt86oJ6euwap51cfGqdC7AfmodN8bwgiwGRJApa8eNOQ9xUOds4KvteXM3l2jdHi4IBIgpKnopEALGsBQ%3D%3D%7Ctkp%3ABk9SR-CZ083pZA,
"Samsung Galaxy Tab A9+ Plus X210 11"" 64GB Gray (WiFi) - Excellent",Excellent - Refurbished,"3,962,301.99 VND",Ope,Sponsored,https://www.ebay.com/itm/166993400155?_skw=tablet&itmmeta=01JD6DMSJX1ZR6XY7P9G2G42VD&hash=item26e195115b:g:EsYAAOSwxOxm9qca&itmprp=enc%3AAQAJAAAA4HoV3kP08IDx%2BKZ9MfhVJKkbQqJOaA75FdlrXwi--LpS1dEXPHuN%2BfbGoZXsWcCYQdSomDzadXTKsi6jBqJbVshxCrRe2HNH22Ar89o%2BOHT31owptHfazpmQ0LOMX0wn5tSbXILZSOdOEQzMN22AuIBn80eShJUXjnzwi8fr609ENcPqVLsvl9M1Jjw6zsfJntNlFkvYR%2FS5wnR9Qj9%2B5qVX%2Flhf9yfQ1A7%2F1wm%2BumMMN1fOrMT14l3ftyl--haZ8u2rGD%2FCjb4AcqZbLrj9Uh1RfWU4LlRMeQIVSQ5Kjof5%7Ctkp%3ABk9SR96Z083pZA,
"Nuvision Full HD 8"" PC Tablet Windows 10 Signature Edition 2GB/32GB Dual Cam NIB",Open Box,"1,015,785.99 VND",Ope,Sponsored,https://www.ebay.com/itm/356286352715?_skw=tablet&itmmeta=01JD6DMSJXE3X0C6NHB606WD20&hash=item52f4524d4b:g:e08AAOSwUclnJSIO&itmprp=enc%3AAQAJAAAA4HoV3kP08IDx%2BKZ9MfhVJKlBO7CO8gWjuX%2BL75zaZf9SL%2FpwmTyOvPkxFwhq7YgPGlJAt49jf5ceqS7l51w13aACdN3binwpzH9XMOTt68jUPSBQRmNnhOJLabjmzGy2%2FGChngq17ZNgz8o0T3hUe9yDoJK8o0KOyU%2B0BDFCJFeAidIGECH2rM3d8bPsFejCSAboHq%2Fwz2qp9DQrH0v6c5xG%2FXVU5iC9A02UywkRirh3%2B2jfSK3oaTM4CFN7taXxnqpb%2BJ%2B42BnuvwjWOSq%2B1ifFdhIljiNTfqpPNw7SbQLw%7Ctkp%3ABk9SR96Z083pZA,
"2022 Apple iPad 10th Gen 64/256GB WiFi 10.9"" latest model",Brand New,"9,017,355.00 VND",Ope,Sponsored,https://www.ebay.com/itm/385274330646?_skw=tablet&epid=10057128508&itmmeta=01JD6DMSJXTF6PMBAMER5CZ4HA&hash=item59b423be16%3Ag%3AXd4AAOSwnf5jjTMz&itmprp=enc%3AAQAJAAAAwHoV3kP08IDx%2BKZ9MfhVJKkLrMNF%2BykaIYmw2ZGsxUE5nOsKTq1DPwYu3V5P3kVmTVOjLT1%2FQGXy1T9lcrd6GauHvtjcBTP5rGSzNKRmL8mrmN9XsnqD%2Fm3oxKagsKHRPklHcAGs9CV9fnGRTh43pyGro9QvJ9x1XRQaGWEBFTI2CpIJHt4%2BV0uKyecIE03uHjd5qslEEUEk58hzSCEGXiQvZW1we2py69aoTlT59JIUxhOjL%2Bt0B2jDaqCS9opaCQ%3D%3D%7Ctkp%3ABk9SR96Z083pZA&var=653160909190,
Apple iPad 7th Generation (2019) - WiFi Only 32GB - Good,Good - Refurbished,"3,047,865.99 VND",Ope,Sponsored,https://www.ebay.com/itm/134018475345?_skw=tablet&itmmeta=01JD6DMSJXNXKWYK8RDN3RC7YR&hash=item1f341fa551%3Ag%3AK9AAAOSw3sRnLQOe&itmprp=enc%3AAQAJAAAA4HoV3kP08IDx%2BKZ9MfhVJKlArm5XBi53kaDGkZyS1yzw%2Bp%2F0pjKuBDrxlM2OI19wxaKJPY0PK0p3t3I6c6%2BXGbWNzuKqiB0uWtQ6HqBgSx%2Fo%2BWCt07pL3fuyYmi8NlaHOS34iSrX8xefsGq6tFo4gpLS1FihC1XWcxOGdYQKCB9qJzF%2FFcr9uqJZvtmfXz9vy4%2BQ%2FXXr7edFN6AUDJ0U4uFfFszJ5%2BfXEDZ1j0qtdZjncz83H3zbY1f0rG7oEDm5vN0%2FwysYH%2BlRRiaSryN5u1iOL3GbFpNrkLBH3s%2FZtXfR%7Ctkp%3ABk9SR96Z083pZA&var=433463908174,
"Google Pixel Tablet 11"" - Wi-Fi - (NO DOCK) - 128GB - Porcelain - GA04750-US",Open Box,"7,112,025.99 VND",Ope,Sponsored,https://www.ebay.com/itm/186583784855?_skw=tablet&itmmeta=01JD6DMSJX8T3QKRZPK1RNFYJ6&hash=item2b71429d97:g:DbUAAOSwfQdmnmWh&itmprp=enc%3AAQAJAAAA4HoV3kP08IDx%2BKZ9MfhVJKkK0aywKAVc1WGuiFlKYf9leo%2FsvOv6uNUXX1UASHTOk9Ivgphmn7GI6VC3%2FAZxQCzBFvzDkvEO71YOoq9q0lQnSykM2M89M9%2FTYn1rMYaw47PINI6lm%2F0OoCzX1qc8A7BZV7rD4l89DtuZig3nNkOFRA1NhmF1PcZHksfeMfOqT1CjvAtjSekladKGpI8jaS1fbiGLwd4fXWsWQbSY38GR4gCZTqfGlw5mBOCQ6XZoXjKZ%2F1Aw3Rx7JUiZN02BdUfp2rrQEfBOAvzFCEekunSj%7Ctkp%3ABk9SR96Z083pZA,
TCL Tab 8 LE Android Tablet WiFi LTE T-Mobile,Brand New,"1,269,795.99 VND",Ope,Sponsored,https://www.ebay.com/itm/285984985157?_skw=tablet&itmmeta=01JD6DMSJXVGP0FDXXB5GT4RR0&hash=item4296089045:g:l1EAAOSwPCVmp~Uy&itmprp=enc%3AAQAJAAAAwHoV3kP08IDx%2BKZ9MfhVJKn%2FQJG7ahg13rUcDVqYu54P2vBA3K6zYhKyzeQ%2Bt6Vs918ulG%2Bs8LMECrXSXCSUqLQXSIUki5%2FAW78v9IhUlAWmYSBXIYZtqUfuN90W24PUMJXCHQ46cV3aE93Bku900Ff6mk%2BSCRUqHJcLqMRamC0N5tsP%2BCCTfKTcR2COJQKhrK01J4JCYwxh54xodqVEKqyqUrGv9ViOunRvjiDZ0iLPbrpcfWLF0c3sJFOQsyLFYw%3D%3D%7Ctkp%3ABk9SR96Z083pZA,
"Lenovo Tab M10 (Gen 3) ZAAE0051GB 64GB, 4GB, (Unlocked) 10.1 in - Grey",Brand New,"2,577,083.86 VND",Ope,Sponsored,https://www.ebay.com/itm/156527785668?_skw=tablet&itmmeta=01JD6DMSJWM4ZDTH9STXFEVRNY&hash=item2471c876c4:g:vPEAAOSwKbNnNkqM&itmprp=enc%3AAQAJAAAAwHoV3kP08IDx%2BKZ9MfhVJKmOxI11cA%2BC6P5j5tfb%2FlSRvG4imSIBmCdgH7o%2FtYzDiofwOvNEMsI6SlhBHyxeeRMMbDV4PBj2CDrh484YlOl%2BZhgzULhZjYvPplU1VXwLrto0GY1y00mjNFevOBGCtwu3LOK3Wn9tMeMpqlwKwMMx1RgrjCZ9X9CPbvJrDksWyieFDQp%2BCJsZjHM1%2Bi%2F4XkWv21XxCwPG4vga2WUXCEr82iOCh%2B0hVIy5r1eQh%2BugqQ%3D%3D%7Ctkp%3ABk9SR96Z083pZA,
Samsung Galaxy Tab A9+ 128GB Wifi (Silver)  SM-X210 *BRAND NEW SEALED*,Brand New,"5,460,960.99 VND",Ope,Sponsored,https://www.ebay.com/itm/156533486395?_skw=tablet&itmmeta=01JD6DMSJWF8HGYTTNSWYG8JSV&hash=item24721f733b:g:c1MAAOSw2flnPo8Z&itmprp=enc%3AAQAJAAAAwHoV3kP08IDx%2BKZ9MfhVJKnj%2BZLCCajb4UaHOFoGuxGBmGeptjM%2Fyfk0KRyBso00Udj4MP%2F7Env%2FT1zKfK3AzNhyfEv600RFyMYiJcNmL5xgJlv8GotUUIGADrXfcipi8CmPCYE7eGG5uouaTUzKp75r7tRkzgjRvX5apZQ7HDT30Gd%2FDeJ9ZQggm%2Fu4r7Z83gLYSnUPp35DzoTkW5VVAB848ZElUyo5AgNlOlg%2BC%2FvVAJk4IbVWGyGgz17uL%2Fphww%3D%3D%7Ctkp%3ABk9SR96Z083pZA,
10.1-inch Android Smart Tablet PC with Dual SIM and Dual Standby 12GB+512GB,Brand New,"2,539,845.99 VND",Ope,Sponsored,https://www.ebay.com/itm/276732294258?_skw=tablet&itmmeta=01JD6DMSJWXHMMSZH523BV7H34&hash=item406e87b472%3Ag%3AORQAAOSwudtnNxTY&itmprp=enc%3AAQAJAAAAwHoV3kP08IDx%2BKZ9MfhVJKlc59IxyyszL3pBjNL8%2FKgeR3qCysuYQdIQRyGwlUljY%2FgruzQclee287%2FlHJ%2BX1%2BzjAexrsh9WuGeP%2F4X33mLlUmtKhOCYRg7wrj30kLzyNoQ085R0W1teMMWpeQZdbN1AfUd5q25M5UU0BdfvBNA%2F4rjGe1IMmoXiDJxrIiUOJOwsOg2wx2RrGHgLiNXRSMPalb3RIUVG5TzdGQIzv1nhy9MyPtr6bAWMa3kW5n1MSA%3D%3D%7Ctkp%3ABk9SR96Z083pZA&var=2560168065154,
CHUWI Ubook 11.6in Intel N4100 Quad Core Windows 10 Tablet/Laptop 8+256GB SSD,Brand New,"3,017,638.80 VND",Ope,Sponsored,https://www.ebay.com/itm/335621859308?_skw=tablet&itmmeta=01JD6DMSJW2CDWFQ3CB4RWQ1YQ&hash=item4e249f27ec:g:MToAAOSwQQ5nD53F&itmprp=enc%3AAQAJAAAA4HoV3kP08IDx%2BKZ9MfhVJKnOmeG9ciXr5xSfjDV%2FwhLgxWeMK%2FMiATr4dS6%2FkRBH2oUyev1RmF7LqrVfgZfEHym8sQTBRNLF52955jKRbBvLOO7LcTXiU96zMLyOMJU1AWZeFD%2FSIolVdXaUcalFJx%2Bw7lVXOhM9opu%2FFFO16h1avwwLf8xFvwXZqWuRIG2V0s1PpRWGYuBY08q7nALwhCqGf0zhfxfkZMgE5LoAKX31egE5DTRxU4GeOHie43mcJH5qhLSFf00edhDSvLyIkOApp4QFqfGvBYjTgJUN%2FVeR%7Ctkp%3ABk9SR96Z083pZA,
Samsung Galaxy Note GT-N5110 16GB Wi-Fi 8in Marble White Android Tablet,Good - Refurbished,"735,358.95 VND",Ope,Sponsored,https://www.ebay.com/itm/145967068779?_skw=tablet&epid=153201477&itmmeta=01JD6DMSJW5ND02EXRCGB2PEV1&hash=item21fc50b66b:g:uHwAAOSwv2hmxjTk&itmprp=enc%3AAQAJAAAAwHoV3kP08IDx%2BKZ9MfhVJKluoAHDIMUbY3wAanBfNnWM0Jzhh4l9Wb2KQty7ahk%2BRIKckBVQhFL4derS51%2FNoXS%2F6RUYHel9bpq6CwudltiP31bWGtMZKRWdqwiHldySWfdALTvB%2BfaN2c8ni4g9zfnnzZsi61t7lr3Iq2lP2kkHGrfcuxF68sV5rYgKiz6qQ5Fv9vO27VaKTlt0ML870a3vNBDMy%2FiapzLj6D2c3ja4gwfmU01EuNTZyaZ%2FQPQMHQ%3D%3D%7Ctkp%3ABk9SR96Z083pZA,
(Black)Tablet PC 3 And 64G 100-240V Dual SIM Card Slot 10 Inch Tablet 6000mAh,Brand New,"1,444,825.54 VND",Ope,Sponsored,https://www.ebay.com/itm/375016727914?_skw=tablet&itmmeta=01JD6DMSJWHWGWP21HBMXMA550&hash=item5750bd256a:g:Nc4AAOSwvvxlPA5H&itmprp=enc%3AAQAJAAAA4HoV3kP08IDx%2BKZ9MfhVJKl3NSGojhszowySiV87rRWD%2FmZrmLqF6ynQD%2BatkIB%2BX02qG6PPsHebtXfFtVUx1GpRbGcCixk3gwqJDag1N4rlawhItjHKrYnp%2FILJY9GCmAPy%2Fi5i4hxBzha5FjlMbYIlBTLKWhCmLPGrMc8eOOLGS0Go4epJxx4c%2FwOn0t2mw1S4A90TiQag4FaHCeQsME61QcayfYt%2B5DMkmr0CJBsjGO1aStI79VB1zLEZV%2Fv4vSfkY5%2FQ9G9L%2Fc7Vgfw5Xs5YsAOe7TfvcXtZG8A5tWqt%7Ctkp%3ABk9SR96Z083pZA,
"Samsung Galaxy TAB A Black T595 32GB Wifi 4G LTE 10.5"" Tab Unlock Android Tablet",Excellent - Refurbished,"3,543,168.17 VND",Ope,Sponsored,https://www.ebay.com/itm/313469780028?_skw=tablet&itmmeta=01JD6DMSJWV3PJJST9BPV860G1&hash=item48fc41403c:g:mZ4AAOSwLuZiKN~F&itmprp=enc%3AAQAJAAAAwHoV3kP08IDx%2BKZ9MfhVJKkA3uVMY0AyHVSVWr%2FMTHj4rhbvyeruU4gZ%2F6Vgq0iH4zAQLGu8Uj8TD3eYbgSFe4Gty26Ppd5iW%2F2HisH1FJWbiqwdVz9zT8KmFALGfdJUvDYSkXlRFes1B%2F8Cows8%2FENo0JO%2BxGG75TiH4TIPP%2Bynpgi9BRzxRRCJ9rcPYjL47XaY2aphYCyrbKKUGsJqhre0ephpCVEhEsPdr2oEJ8lXAVDwwoXU979RMVGPFBOIdw%3D%3D%7Ctkp%3ABk9SR96Z083pZA,
Samsung Galaxy Tab E 8 inch 16GB 4G LTE AT&T + GSM SIM Unlocked Tablet Very Good,Very Good - Refurbished,"1,777,815.99 VND",Ope,Sponsored,https://www.ebay.com/itm/384971207680?_skw=tablet&epid=15051465918&itmmeta=01JD6DMSJWBXMFG4VSSD8QYMKD&hash=item59a2127400:g:DOkAAOSwr~lYpjYS&itmprp=enc%3AAQAJAAAA4HoV3kP08IDx%2BKZ9MfhVJKlhzWU1yhAfGf3uKq97cTR%2B9XLa42EdtoEIQMcM7q04CjJbKYkKOdQ6nwvRUikvISL9A7SFsGzhcB7kdw0x3KPki3BwRBL3f28OTt4O7hyZW11Yy4nXrZg4I%2B1pf5kd0vff5EQ3jzrkur3Z5R6SpY2bUaVxadi9aeQN0YIy2g9Cg6ZbgiLVd0BxUr4vBCa4a6BSBCqezT6w14MPKX3gJESZWSADNsE9cgmdceztPlv1i0r7LuzTGGiBF%2FCfiM4fEIXCFwtSAuhFx3oXT2PcjRAn%7Ctkp%3ABk9SR96Z083pZA,
"Samsung Galaxy Tab A (2019) 32GB, Wi-Fi, 10.1in - Black - ",Brand New,"3,022,719.00 VND",Ope,Sponsored,https://www.ebay.com/itm/315775558415?_skw=tablet&epid=10031683646&itmmeta=01JD6DMSJWJ6CMYQ708HNJM0Q2&hash=item4985b0a30f:g:dkcAAOSweehmxh63&itmprp=enc%3AAQAJAAAAwHoV3kP08IDx%2BKZ9MfhVJKm96xsBgep6mTuZAerBLVvOfhPZi%2Bzso8fhMvbmJ%2BVMpaHDVBZ7jv1tJxDczTWDE83fUvoE305AC6yUi9vuIpyIp8zYyZZJpmycUcDzkzvkvhgsJiGCa7hyKQ%2FoOwL4KJ9tJFTe%2FkrAGvl9QuPpLaZiJQOfHY2Wn4%2F0%2BbbYNicenX4MfkqM0%2BXVGXzzsyUA0fgCwjUKkFqVwS8x1PGdi2xGXYjBGA6TSW4zFDTOQsA6AQ%3D%3D%7Ctkp%3ABk9SR96Z083pZA,
Google Nexus /NEXUS7 ASUS (1st Gen) 16GB Black Wi-Fi Android Tablet NEW,Open Box,"1,846,144.68 VND",Ope,Sponsored,https://www.ebay.com/itm/286101390167?_skw=tablet&itmmeta=01JD6DMSJWHMBTYAJRTVARNE9Y&hash=item429cf8c357:g:ZjkAAOSw-tVnCAzl&itmprp=enc%3AAQAJAAAAwHoV3kP08IDx%2BKZ9MfhVJKkEVTmN6hAfPs2PALZID4bZaxoveqMHS%2BJO15nYTBETc3I%2FJ6m%2BWDgnhWHUfUvNyr5SdHxgZm2wiuEiqWYGasxJYC5WQvnZBj2wLdWuQqFif6FsripTx2botA6GQzoWarM9bQQmtlR3URxvk2CWASSPfRrtTiArmOb5ED1972pFNZGnq5yaO2zT6Yr8MxvFKA2BgbHtHN7lnySoujZK%2FqgOpNXJX5gCJxz9idBDFbXItw%3D%3D%7Ctkp%3ABk9SR96Z083pZA,
Alldocube iPlay 40 Tablet PC 10.4 inch Android Tablet 8GB RAM+128GB ROM Dual Sim,Brand New,"2,576,761.72 VND",Ope,Sponsored,https://www.ebay.com/itm/365119028635?_skw=tablet&itmmeta=01JD6DMSJWFDP2YEH3NYPCXGMT&hash=item5502ca3d9b:g:stYAAOSwAE5lUf9A&itmprp=enc%3AAQAJAAAA4HoV3kP08IDx%2BKZ9MfhVJKn6qxbopmnG3wEaauYBzK1eEo2Lingp2gwNhauu6Xt5kDi9yjYpKLHLbM2oS6mju67jPk8A5QctDRQvCt0cpF0Mjhm6PgQBGvYsArHjKix%2BEDhWgwyGWatkbkFtxg7L5AnJLr9FPGxaN0cFmT4KYuIOfZh5%2FRQcP7VS1DqXrwDGzdkpnC%2BnrGblHJmmhwQ2PcBYYyBaYX9zzzoYT29kLxdVSGvN%2Btr3nCKtmbPZsVcadaJK4lQDNBkpWX61LaYSXRQiz5FD%2Bezh11x5S8B6uCJk%7Ctkp%3ABk9SR96Z083pZA,
10inch Android 11 Tablet Dual SIM 8GB RAM 256GB Storage Octa Core Processor,Brand New,"1,617,764.39 VND",Ope,Sponsored,https://www.ebay.com/itm/226376813085?_skw=tablet&itmmeta=01JD6DMSJWT0BAD7FPTJS4NAZJ&hash=item34b51c0a1d:g:DggAAOSwZyxm-dQb&itmprp=enc%3AAQAJAAAA4HoV3kP08IDx%2BKZ9MfhVJKlftz9JdwdENj61lBiZxKxdJ8VXjgntTcRqByD8bGRUpK6Ke4hUgnn7o4Y0OOEMOe3%2FHhgoBD%2Bzqc0Y%2FGRYeBmk8Z6bSc67607qFv4hwR99sDAyO6NHe9XRk9egiw51J01Jh3h%2BZbVAZOiddNLlfueoBmzLqd69zIKbLnGja9VjibDDoVDrGkbYQZ78KSAWpo3vbc8NDQiIL6b9l6bi6hdFqPVrOvSSLv7mmqBbtKidBHvuZA1d3raLTxGbqwQwIj6fzJK4DnAeiriP9orE9%2Fq9%7Ctkp%3ABk9SR9yZ083pZA,
"Samsung Galaxy Tab A9+ Plus 11""inch X210 WIFI X216 4G 64GB Brand New Sealed",Brand New,"3,382,100.43 VND",Ope,Sponsored,https://www.ebay.com/itm/135281669482?_skw=tablet&itmmeta=01JD6DMSJWK1F631G22TEAFXC5&hash=item1f7f6a756a%3Ag%3AbcUAAOSwT6NmDBPX&itmprp=enc%3AAQAJAAAA4HoV3kP08IDx%2BKZ9MfhVJKnHmFz9IBF7RrfxS1Wkhr5qFEfieWhjEJ6VFd9oswJgnhd0t66t%2BaqyCNYRQ2UPYILs0IXT%2B87Z%2Fv3sqPCm5PrXfQoDGXWSG2qfp2N7aSN5aUCKzM5iCXCNIe4%2Bmus0eYf2VS%2F8LNfnzZaph8np0oMxKgQ2RvApxTZb9QDFTPHRLnELgpJKn0BraxcC5SO6ma53mvxuM5U0%2Bnpy1n7tQA4Ow8fBRH8Vh9H5ryeUZutC44D0Om1oxC11hWt9kAZnrTaE26EouRV6hFxbO0lkMC8z%7Ctkp%3ABk9SR96Z083pZA&var=434713405053,
"Kids Tablet PC 7"" Android 11 2GB RAM 32GB Storage Free Case WIFI Camera bundle",Brand New,"1,352,646.89 VND",Ope,Sponsored,https://www.ebay.com/itm/386839355717?_skw=tablet&itmmeta=01JD6DMSJWCAMDWQ206E35T59G&hash=item5a116c2145:g:xOsAAOSwQXll6OU1&itmprp=enc%3AAQAJAAAAwHoV3kP08IDx%2BKZ9MfhVJKkY57eCXNU31EeMlOQKInwub9lDmyULnYDF8AmvDKi1F%2FER0MSnPLizK8CsgXpKNxsEfwFnb2wCn1iYOBC0qp5nta6p3znOpqdKfU%2Fq%2B5eesgoU4sX%2Bn0DtufB6KkkjK4ei3NHxpQJ18p2I9ABTkfIJBOwVm6gQy6Vx6bwB1GKxDw3g6%2FjwYdquf7%2BHtIN4EhUCGp71sNI7O9EVS1cEWMljUuwLxRdxd5VWJrlYc85WUA%3D%3D%7Ctkp%3ABk9SR9yZ083pZA,
10.1 Inch Tablet 6G Ram 128G Rom 1960X1080 2.4G 5G Wifi Tablet With Stylus,Brand New,"1,786,563.38 VND",Ope,Sponsored,https://www.ebay.com/itm/305713363602?_skw=tablet&itmmeta=01JD6DMSJW56AWXJYCG5FJXR7T&hash=item472defba92:g:MoYAAOSwq8FmsZj-&itmprp=enc%3AAQAJAAAA4HoV3kP08IDx%2BKZ9MfhVJKnKAsNv7hDT7wgSRzeS8ZJIZYJ%2BT76Db%2F0zE8APwRDUkK4U0f1qnYwdGPBLbFB01XNGBowycz5CtcGVnce3AwVBOVBDQ2kq6xXi6GjS%2BoBFJMHy%2FphCMBXffxkURuxpbaWFfImEK4JSSVLGH1%2FXFGWYi5R3QYxwDNgt0lewH08eVr3ruc%2BuYmn7LWF%2BefBB%2BbxPyZDI0rOK5DVz5OXCBLO1wjrJEMtQVkTsXK1Ur2PWXfApDVjfSnNsb%2FVd7PPND8dIQtSt6hlWyl5Pd7MUJRfF%7Ctkp%3ABk9SR9yZ083pZA,
"Lenovo Smart Paper 10.3"" E-Ink Touch Tablet 4GB Memory 64GB Storage Grey",Excellent - Refurbished,"9,341,606.84 VND",Ope,Sponsored,https://www.ebay.com/itm/176579708906?_skw=tablet&itmmeta=01JD6DMSJWGCQBFF5SEVATKRQF&hash=item291cf887ea:g:ynUAAOSws-hm6Eii&itmprp=enc%3AAQAJAAAA4HoV3kP08IDx%2BKZ9MfhVJKkgOeXykBo3P29Le2vf6kPjLqbFOLC7eHKBhQ7xFmD0jgArvO892plLAarla4bzxzlhQOd0RNdjFzmbv8dxnrHwEZRY%2BZlyQPq%2Bu%2FDO7fnvX1A6vLt3SXChQ79khKZO6owpUh4IR%2FwSzam8x8NxxT6nmQb9NJZzyM7By%2F5UGC1m%2FcGkn5YDgdAtopt%2BNp1H5wDpvw044efMYpTqECPLj7d%2BUX2RQAFpd3KMI0ZiHJON3wP8sbsLBeKPQK0s0ZP01Km60EoTFNSsym0gZQzJJBEV%7Ctkp%3ABk9SR9yZ083pZA,
"Huawei MediaPad-7 Lite Tablet Bluetooth Wi-Fi Micro-CD card slot ""7-TouchScreen",Open Box,"1,013,499.90 VND",Ope,Sponsored,https://www.ebay.com/itm/166944314494?_skw=tablet&itmmeta=01JD6DMSJWXZASHZPZ2N8WV06X&hash=item26dea8147e:g:K5sAAOSwiLZm0UkN&itmprp=enc%3AAQAJAAAA4HoV3kP08IDx%2BKZ9MfhVJKldLMTYNJaQ11FGZqR5CTJZ0iH0DnZbC1clbktwlmC57q8vi0bK7Oj%2B7uW9Zl2QvycX%2FvDGG81CZQhnvsCXsYhSLJcxQBqyAZNG3l6cFez2JS7gQZ%2B3YTe0sFVg6BoB%2Bhw8fYmrp7Rs00It5RtYSkT6H%2B30iFizjZkhARrVj3%2BQG%2BxvFnD4psiFaUkEwhbdy8sMnwT%2FclF5b5BJ7uO4IJYd%2FD16ubjW8qlfIYlgvldT9X7LVdqSwIwOfqitUlSeWNelcWACXQM%2BZYkSFzHOhay7%7Ctkp%3ABk9SR9yZ083pZA,
Tablet 10 Inch Android 13 Tablet 6(2+4)+64GB Quad Core 1280Ã—800 HD+IPS Screen,Brand New,"1,142,790.99 VND",Ope,Sponsored,https://www.ebay.com/itm/176464701149?_skw=tablet&itmmeta=01JD6DMSJWJ3AXE78JZ0X4Y7WV&hash=item29161da6dd%3Ag%3A82YAAOSwNGpmjkG7&itmprp=enc%3AAQAJAAAA4HoV3kP08IDx%2BKZ9MfhVJKndqHaP925nYlD%2FFsMrGeyvxvOk%2BmrkGG2rf%2BDxIZ7AqMXcw3lohy6U3BxkhQ8xG0twG8zkdziMYgOtAzgayUUgCUB1243S4IjG0y4NL%2BN8bZt1qCWVPaBFkKHy3pbKSsDkzTry6LxvKqnd1F5Bx%2B7dZiTGz0NzqUgptTKcSWxh8YNlq9C9611IjIqm5kx2hnJlr0v7YWGQ6cn70k%2Ft5ySksmx21RjbQHdsAmC8n5ff65gCOb0vT9iBx1mPoFNkTrmYCQKKADZ84k1LrxQ03m2l%7Ctkp%3ABk9SR9yZ083pZA&var=476039480702,
"New Amazon Fire 7 Kids tablet 7"" display  16GB (ages 3-7) latest 2022 UK model !",Brand New,"2,560,977.08 VND",Ope,Sponsored,https://www.ebay.com/itm/266968226554?_skw=tablet&epid=3056736000&itmmeta=01JD6DMSJWHGE2GXF7N41Z1CYV&hash=item3e288bdafa%3Ag%3AEd4AAOSwX-5mzd01&itmprp=enc%3AAQAJAAAA4HoV3kP08IDx%2BKZ9MfhVJKnlgUo9lu520pnQa00xCvNcVbACTiApHKyLKQ8AnVzF%2BFXbpjoFa7IQoESBzumkHzm0jMTNXoai9M6%2FBJTfTx9AIeDZCksjp4SA%2FGS8lMfL8isnDHBEqBJXYpXSON8aFqpQ%2BHeKVi%2B%2BbNjKi0b42IIQ3FsvHN2SeVqt5DcC3SEFA2uPsfD0dVQlsKp1HDc%2FUjO7u1wbwqoIfuiDMBTTD9u99Fcdzyc38o7GYU0oPLhnJF48VtPF%2BIbOpB3jj%2Fty0Ju6kY3911BIpZy8NaByarTK%7Ctkp%3ABk9SR9yZ083pZA&var=566706274491,
"10.1"" Business Tablet MTK6735 Processor 1280 x 800 Resolution Android 7.0 S6C5",Brand New,"1,776,799.95 VND",Ope,Sponsored,https://www.ebay.com/itm/355647964819?_skw=tablet&itmmeta=01JD6DMSJWDTKJGB2YBAQ3R5PZ&hash=item52ce454693%3Ag%3AfBgAAOSwhDdmId7j&itmprp=enc%3AAQAJAAAA4HoV3kP08IDx%2BKZ9MfhVJKnxmJWJ6geLCKsKQOH0t07m2dIOOICdDd2XlBK%2BM5fmg7J04H%2B8h1fAcUxoTADLYom0JReKdM1PidJTD440htOjxN%2FeJzfhsBSaXMVME1P%2FVl8kyuQfbdFgxbWGVA2OHNQUUQGyRm8fBqysfYU%2FmMblO30J7HzbNdAqnL9WM%2Fvk3hyWudSYOTFcbaJTFfp7I7J4H6AZJRxJAb7gJuZbprNexYKAxDj%2BottoDEu8orm%2F23%2FXLdPxxmlEMdSPLEcQ5TRnl7HFgP7kanNTT5Eag00r%7Ctkp%3ABk9SR9yZ083pZA&var=624755706836,
Acer Switch 10V Tablet Only 2GB RAM 32GB / 64GB SSD Window 10 Grade B,Good - Refurbished,"1,417,073.99 VND",Ope,Sponsored,https://www.ebay.com/itm/175846205254?_skw=tablet&itmmeta=01JD6DMSJW3H7QBZ2PA1FE7GDF&hash=item28f1402746%3Ag%3Azo0AAOSweAZmAtLJ&itmprp=enc%3AAQAJAAAAwHoV3kP08IDx%2BKZ9MfhVJKnMHICKrrSIeBYWghOWqEKnIkkFmUlPCVt%2FyzruxOzPsZIxJTtIz3ycPRXB%2FYmHfOLjtkIxUgVySCB6%2Fk4f3H122cFAsynrMFVvVNKaX2fdB4pQp%2FyZiL6eXl%2BefNQiDMQGeK%2BBgM4xbtGKmLN5JDZmNO5XxjKDBrMr3I4ekwnTs7Uw%2FEgfRewsgjAUJaL1YX1MpFVFRcgNQ%2FeMLRqKO%2BgmntopJho4zbwjxyDX0YkRjA%3D%3D%7Ctkp%3ABk9SR9yZ083pZA&var=475254601933,
AMAZON FIRE HD 10 TABLET WITH ALEXA FULL HD DISPLAY 64GB WI-FI - BLUE / RED,Excellent - Refurbished,"2,412,794.76 VND",Ope,Sponsored,https://www.ebay.com/itm/387231033199?_skw=tablet&itmmeta=01JD6DMSJW272F2HDF9M91FE61&hash=item5a28c4a76f%3Ag%3ARUcAAOSw1slmn9RQ&itmprp=enc%3AAQAJAAAA4HoV3kP08IDx%2BKZ9MfhVJKkDZdWVZUC5TOT0r961S5gQg68NvUxD37PlH8YURFHYo4Vj%2FDpg8EKI51nV8DEzWJsidUWloomsx0Is10sac4G44ISXJjW3kJZ%2FzTEXTj10EKLyN5nAa9MFeyYGU%2FAXfrBnf8oLq2xICeachTIDRVR7ZZpo1UkUD0NNoCAGEZjnUni3eQWPEuutqXLIfWejwLAYAePuzsgfxoia2MSGUHVybIanEuYR0JPn3WCM7sed3d4qxMZ5c6hfBruLutB9qd%2BEK8faQbMIQAnuNzn9AwUo%7Ctkp%3ABk9SR9yZ083pZA&var=654469235972,
8in Tablet Silver Expandable 128GB Support Calls 4GB 64GB RAM Front 200w Rea Hot,Brand New,"1,439,220.66 VND",Ope,Sponsored,https://www.ebay.com/itm/285972562745?_skw=tablet&itmmeta=01JD6DMSJV7FXEN4Z8298D8NMH&hash=item42954b0339:g:aRsAAOSwKv5mne2s&itmprp=enc%3AAQAJAAAA4HoV3kP08IDx%2BKZ9MfhVJKkUw8S%2Fl5MgpVYVa8ZUW0nvVTBO1Glpqa55lvnMzrzP6R16hV6%2B2Ad8hE%2BHO%2B12J%2Fh9zWV7NNNnvQ5E6b%2FDD3TjboaRsT9rmFoIHQT5P9zOCrVALyisdE2ktw3BTvp4q78cP805%2Fha5%2Bgfd6SNS7kFYgcyIdMoq7%2FIP0SqULtoWvqSuBzLgwB0w7if09PAgQdwQLDfYWuBfbuDZuk83SwPnwiIvd20%2FbrwY6%2B4xRDkCrFhrPYqRgJKuRjnqL0ej9w051M67sTfR39ujNDBe40b8%7Ctkp%3ABk9SR9yZ083pZA,
"Sky Device Sky Pad 8 Pro 8.0"" HD IPS Tablet w/ 2GHz Processor, 3GM RAM, 64GB ROM",Brand New,"1,015,785.99 VND",Ope,Sponsored,https://www.ebay.com/itm/135386547560?_skw=tablet&itmmeta=01JD6DMSJVED5K4X8F5R1FY95Z&hash=item1f85aac568:g:CfYAAOSwMdRnPAJd&itmprp=enc%3AAQAJAAAAwHoV3kP08IDx%2BKZ9MfhVJKnSbHV7PHOd2tmJ%2Bpehm74L3J%2FpfH0Vq5T9I%2B%2FL8KpWOXnM9h3eD4N08mg4RfdmHnnwxL4GLR890Yz6WyQxkCqDTXLZNEr051VPMXz3hT4Fwo4432y9hwVghjCVWKbRQZhXxUYRXLZguCODWqDUqbEOU8JG3UFq5bn4MZxyGb%2FxcVwudmr2Dn5w150R%2BKF5zKxtRyy4LwlskcA3l7DLNoNINmIn%2FZR5ouAwA6XVzOatHA%3D%3D%7Ctkp%3ABk9SR9yZ083pZA,
"Verizon Ellipsis 7 (Never Used, In Box) 8GB, 7in - Black",Open Box,"508,020.00 VND",Ope,Sponsored,https://www.ebay.com/itm/205113704608?_skw=tablet&epid=175780089&itmmeta=01JD6DMSJVC3EQS4GAJC62MYAQ&hash=item2fc1bac0a0:g:0U0AAOSwYe1nN7~D&itmprp=enc%3AAQAJAAAA4HoV3kP08IDx%2BKZ9MfhVJKkVKza2TvpFfpaSNKf6MoY38uIuvCvRyKzNcvLZq4pIH4YZxjVB1GvAzmRTeFCKQvNALef%2FgHK4cXypstdFuoITD0zzN3OwO9rc2oUqpykSuyUAza3puRS5iaNB%2BgkhV5a9xQ8NyqIziJrPPvA%2FY9ZIrz9MJfqo9wUHF1RL4JxXcAcPK4%2FBj8TmbYUSkBZNGQG044vmd7yRheHYiE6Er7L886d62MGpbPAcISs0VmAH5Nzzrh%2FIxtXygsxAFA9LCKPuwe26K1QQANqGJIPh2Biz%7Ctkp%3ABk9SR9yZ083pZA,
"VANKYO 10.1"" Tablet Android 10 5G WIFI Pad 4GB RAM 64GB ROM with Keyboard Stylus",Open Box,"1,866,719.49 VND",Ope,Sponsored,https://www.ebay.com/itm/335645323262?_skw=tablet&itmmeta=01JD6DMSJVDSDGJHQQAN0APJHY&hash=item4e26052ffe:g:ahgAAOSwv4tnIfod&itmprp=enc%3AAQAJAAAAwHoV3kP08IDx%2BKZ9MfhVJKkFptrSLBdXNRrCtK%2B9Z0%2FCHW33tCQZ4irwgMaBT%2BM2Xlnu9IKhzoTc%2FX3tXTjZYzK%2BHmeDXAUMoqCkNVZ0Duluswki1efeHQV4S3N5SfGTLlOJYsKdk9EEReo204OHjlVngzD%2BV8JWEObd4XaYx5Wc6PXPH3xLBFk9kGPsQpPwXOTHxWW8OMnzACu65JwCr%2FkEXFsgYxfUAlmCFr0gPBbXjGsjFm20R677%2FEsGyY1mtg%3D%3D%7Ctkp%3ABk9SR9yZ083pZA,
7Inch Tablet 8 Core Processor 2G 32G Ram Dual Sim Dual Standby Dual Camera 128,Brand New,"1,453,475.29 VND",Ope,Sponsored,https://www.ebay.com/itm/126717173200?_skw=tablet&itmmeta=01JD6DMSJVJ00AFG3MKBAAEF51&hash=item1d80ee9dd0:g:IOAAAOSws5BnCNPK&itmprp=enc%3AAQAJAAAA4HoV3kP08IDx%2BKZ9MfhVJKmIns1suksW8gBi9ljCWUotU7m2gEHCaMQpxMqgkJMUB44OLM3gx8%2F8y%2B9Pccygm%2FHg9Wuf0sPtKQYMJW2HbVyh5WYlJ6zqIqyllQADnWUzgtqd%2F3cUd5AsuMr5QZ093Qz27mcdsC5Q44c4%2Bx2wYCiqmfeaIweQoqblZnwbjSLUkFqPhYETibsrw0mpywT8%2BpeG0YFlOY3iQOzwisa69Czf5TKkxEPefpqYVrVnrkkNcbs4hTQpdW9TMSTmgCmuSkotR6QYsWo94Hgxzh7kPaUq%7Ctkp%3ABk9SR9yZ083pZA,
10.1 Inch Tablet For 12 8GB RAM 128GB ROM 5G WiFi Dual Card Dual Sta TDM,Brand New,"1,084,308.03 VND",Ope,Sponsored,https://www.ebay.com/itm/196452135841?_skw=tablet&itmmeta=01JD6DMSJVXWHTVY1J1KHNVQ9H&hash=item2dbd75b3a1%3Ag%3Ada4AAOSwVLlmcdN0&itmprp=enc%3AAQAJAAAA4HoV3kP08IDx%2BKZ9MfhVJKnppCzzX%2BmjEwuy8Z8MzqsfvlLlbDrepIRlJ6ZWu7WsLVh0047KoY9d5PVch23Lj9F7WdF%2Bw%2FuH3OGV0ZSDO60Ur6k3%2BuWiW8X6pFFwijn6eLndTA7Jbhxa%2FswlmwKYf4ed4VcrucM%2Bt6XIN%2FRHuOgWMiBRJtkB0dL2fr0UOKvBLmomXMfCr0jQXj3G%2BtgmqgkAVZVk6%2FQNH1rVLFV0e3lX8BuVqpdoFdKOp9RPb7lSyCHLsAj96%2BwFrEaJ%2F3VD7Yu6s%2BCD%2BXUzZUbLiseZGGZy%7Ctkp%3ABk9SR9yZ083pZA&var=496249362525,
"Google Pixel Tablet w/Charging Speaker Dock 11"" Android Tablet 256G HAZEL Sealed",Brand New,"10,668,165.99 VND",Ope,Sponsored,https://www.ebay.com/itm/355755134447?_skw=tablet&epid=23061964418&itmmeta=01JD6DMSJVZJBA5M18CA4J86VH&hash=item52d4a88def:g:iawAAOSwPPNmWRL6&itmprp=enc%3AAQAJAAAAwHoV3kP08IDx%2BKZ9MfhVJKmTK4DUN9rJtotgYuzqht6PupE18dGbifTVC8AYLtcxoCeiGBIANLq8Jvwr2BQPi0czty1cY%2BlET7drgQxneX%2FIx8qdehPzmuArJMhe4eCtbnNLQ0WwdKG2wI1f7TbTN5RBrKZQso%2BmZe8%2BVj%2B6yVyOjMrph6n6cS%2B9txRHX0xm0SWECNwuOJpqkTw1mrR4KrS2yHzKCB7Sed2WB9TmqcFjEsd%2BMMFxTG%2BWi4Z6oTNueg%3D%3D%7Ctkp%3ABk9SR9yZ083pZA,
"14 inch Ultra Big Android 14 Tablet, 256GB Storage 36GB(12+24) RAM 8 Core CPU",Open Box,"5,689,824.00 VND",Ope,Sponsored,https://www.ebay.com/itm/186652592784?_skw=tablet&itmmeta=01JD6DMSJV2NFZ469836P2T488&hash=item2b755c8a90:g:9e0AAOSwHEhmyzIA&itmprp=enc%3AAQAJAAAA4HoV3kP08IDx%2BKZ9MfhVJKloI47FuRSiZUevkzR4aATdIqmz7ymR9JaYlfqMwBKHKJQjpivnf4LbcFmNh%2Bqf1HIfAAlgRkasJiIsnMwwXezRiIKj9gB0BRHq%2BFev0HPcZ5hkVCO31rtaIMrTQdLt0W%2FQ3OFuYvnjeAm1EAvg8osLCGMKm4qYwvXnmrkb%2F7W6lrB2OJhVvabM08YbGrKGZRcW%2BM6KirZ4%2BR80NfzEjCxJrr%2B6VXwH3zs97I7XxD9BCL%2FLQRYzcI4ITfr%2BnGDR51ypBiLCsjKPNOB%2Fu7DuX%2FE2%7Ctkp%3ABk9SR9yZ083pZA,
"LG G Pad X 8.0 (UNLOCKED) Android Tablet (Black), 802.11ac Wi-Fi, 4G LTE",Brand New,"1,523,805.99 VND",Ope,Sponsored,https://www.ebay.com/itm/276550920531?_skw=tablet&itmmeta=01JD6DMSJV3TJ70C8FQTJKSMYS&hash=item4063b82953:g:VfkAAOSwPWdmkytB&itmprp=enc%3AAQAJAAAA4HoV3kP08IDx%2BKZ9MfhVJKmgrs6LZ9R%2BtLyXjlxAImZ%2BN5ikvRALNgAW9Vbbrb0LuFPWBD2D1xu34RPY3XOM0IbAUm05Le2sdf99GYjj9ZR8%2BNXYBGdu25mNzkXF9poUfRQ2slVJXMPQZONcdYGBPwfWv5TcX0%2BDFqfNjh2WZMxb%2Fvwoue8dMXHf9BrM%2F46YESiE5QlxnPqULEB929jvgsx%2B8ph7UhKbJgo8yXhsUfMOAd4Iko9sQHKIahpELRuH%2F56q1SPND0VBi9yVoRkN8KPvQnjb8snEx6IS4uEuYxdv%7Ctkp%3ABk9SR9yZ083pZA,
"10.1 inch Android 13 Tablet 4G/LTE Celluar, 5G WiFi 6+32GB bundled with Case",Open Box,"1,320,852.00 VND",Ope,Sponsored,https://www.ebay.com/itm/176650578166?_skw=tablet&itmmeta=01JD6DMSJVW3861QWYZPTMTFFB&hash=item292131e8f6:g:T7IAAOSw0qZnHtwS&itmprp=enc%3AAQAJAAAA4HoV3kP08IDx%2BKZ9MfhVJKnr8rBpyrCuLUext1lzFOgFI56965OfeFjXp1pY3ORJAI%2FSuxO50zsrf3R%2FcBLZG1kjuzNyR5b18Htd6NyIQHrLC8E0SfmfDQRQu46%2BjiqtX93vIIm2o00dQzFvbagiqDpM3QwYo1GKM6pT8fpl3m%2F04aEYNpJkwRjNCTjGXxBvgBJTuiR9kcGxRfOgk1%2BDVTrHj3%2FFdec66kTYPsp1TzZ0LSA1KZjfvfA5ZGOBEOfe0fc335N6kuUQOo2pvk5wU8M5NwxrsWJk2t2z2EzhPmVn%7Ctkp%3ABk9SR9qZ083pZA,
"Sky Devices pad10max Sky Pad 10Max 10.1"" 64GB ROM 3GB RAM Silver/Black WIFI",Brand New,"1,269,795.99 VND",Ope,Sponsored,https://www.ebay.com/itm/235828113820?_skw=tablet&itmmeta=01JD6DMSJVD5PBDBYZ7QX8FA5E&hash=item36e873719c:g:b-YAAOSwNgZnM7bC&itmprp=enc%3AAQAJAAAA4HoV3kP08IDx%2BKZ9MfhVJKkwg4jHrxboYuUl28t9EuDAFx9GzPBV6MxypliiXqi4YN2gXgZaDZY4Jywn47IS%2BzppGgbwkIp51Pzh8CUwT2nGnmJP1aU%2FbpntZLRiYxDGJh8sWXW6LcNUxiL1eu%2BohA5EDQM6aTwSOcBCR%2BOHQD%2BK1LZMjPEXVYR9ScnMWjYBcG%2BuRrmEN2xhe4H7r8uJZvAcwVF4uA4C2lBXGNyf23ilAjMT%2BeB1KQAccN%2Bt2U6wxAtRCswS6xDgKvcBNdBEFKpNxoejVWjiVeRo0XFgLZQ3%7Ctkp%3ABk9SR9qZ083pZA,
"Samsung SM-T377  Galaxy Tab E 8"" 16 GB WiFi + Verizon 4G LTE Verizon - Excellent",Excellent - Refurbished,"1,090,972.95 VND",Ope,Sponsored,https://www.ebay.com/itm/385573700755?_skw=tablet&itmmeta=01JD6DMSJVQAV8ZF7ZXWE8DD6S&hash=item59c5fbc493:g:OzIAAOSwrCpkSUWn&itmprp=enc%3AAQAJAAAAwHoV3kP08IDx%2BKZ9MfhVJKkwPnInX13k4l9Euyn6VCXwr0JN5rBpfvSftAdzvT23OQlmGyq%2BBl4F7U13aInpagIHJ%2BYnXb27aIz24eglIpZ09BTHIZmqe%2Ft91%2F3t9lKV4Nkr9VZnbqxozQip9mCfS0IdqlNx2Jhs7v42wwrhtBYX4nGOQpqvQlq3ftOZaiiYsOVA0sqFEV1KCANJcY5WC5sir4RHOVnLMKUopBNqxx7SFS%2BT1g07MzD6gpT%2BYNX0Pg%3D%3D%7Ctkp%3ABk9SR9qZ083pZA,
New 10.1in Tablet For 12 Gold 5G WiFi Calling 6GB 128GB 1960x1080 Resolu,Brand New,"1,729,300.08 VND",Ope,Sponsored,https://www.ebay.com/itm/176467262233?_skw=tablet&itmmeta=01JD6DMSJVW9526J73GMW6RXF1&hash=item291644bb19:g:~CcAAOSwA1ZmkD66&itmprp=enc%3AAQAJAAAA4HoV3kP08IDx%2BKZ9MfhVJKn%2FdM%2BNZZC0ftSX0D1kGoaSt7H4VTQLFaX8EaS3w%2B3%2FmBI3mGj7MCYDkN5Q93bO1bonGCP4aRUliv21lT%2FFiW88752o11XvX4sUkrxG%2BThmH8y5%2FW10zmC03jR3tLGogqvvEQIGHnnLf%2Fgr%2BIaKilMf7XFLTR6t4xcSc%2F6SEVaYkgd4vqzNF78s0pSan8kghFMH9UtZPtwIW0EyVAxESt0kGpPCRQSUBCrL%2F%2B0377u1lJw%2B%2FZzIZ5JBBR1Dlx%2B407tg7n7vkWpusP7%2Bk7bQPERS%7Ctkp%3ABk9SR9qZ083pZA,
10 In Tablet Octa Core Processor 8GB 256GB for  11 2.4G 5G WIFI 8MP 13MP,Brand New,"1,136,440.74 VND",Ope,Sponsored,https://www.ebay.com/itm/305601046425?_skw=tablet&itmmeta=01JD6DMSJV10RQJ7B2VN47BY8K&hash=item47273de799%3Ag%3AojgAAOSwwK5ju7PD&itmprp=enc%3AAQAJAAAA4HoV3kP08IDx%2BKZ9MfhVJKl11dY1Uz3UN8ReIeLLG%2BBX4PNUG1SlC0QRdPsjOu5pmuj8pWC9Gb2UKwL7lrliOHP2ReiSm7gMbbvJBcg6NHyOSQr96qjIVor276IOxpYB7ykJzqoU47zraNZeMU2WAj7j5opwaC1MtB0orS4JgY2QYxVubJMSsNwfbveFfBrldSiNkmrMloeDG%2FHBLSPcd8MxaWySy2dGfsNqob05hSFO4dwOT8d41KQAPljDrlMkeGYcE1Mfzc%2Ffi90o9N7LnldnLeTWuTXb9J9xz6Jj0EK5%7Ctkp%3ABk9SR9qZ083pZA&var=604518513430,
Lenovo Tab M11 Android Tablet | 11 Inch Full HD 1200p | 128 GB | Lenovo Tab Pen,Brand New,"5,153,845.58 VND",Ope,Sponsored,https://www.ebay.com/itm/286163372372?_skw=tablet&itmmeta=01JD6DMSJVVS127X6V76B8BS03&hash=item42a0aa8954:g:QxwAAOSwi~hnNlZz&itmprp=enc%3AAQAJAAAA4HoV3kP08IDx%2BKZ9MfhVJKn0Qr1fkPfyuO80fMg7wLJMg3ZfVFcQ6YElXXFH39H9pRhu9K9kScRObLF4Sbcls%2FWskYryCzv5cCmsiDFnyPdMQGROalfy074osnBXds1GnBImy0l7uVIz9gaaGlSYmps1uW6DQz5ZRaByS%2FpvDTEHghTSNtoMgfEv191m%2B4k3DZZz9tnsFYb0NS9SA2F2R779XElmnsOBwPxHqadxquijGzUwbHA1nLJmFISBcpKJDdshWE9jnZRuUZ6EwRb5VArs5kUMTpP0TBR0VPWE1M33%7Ctkp%3ABk9SR9qZ083pZA,
10.1 Inch Tablet For 10.1 4G 64G Quad Core 1280x800 Resolution Suppo TPG,Brand New,"926,461.65 VND",Ope,Sponsored,https://www.ebay.com/itm/196452111451?_skw=tablet&itmmeta=01JD6DMSJVPC3WJ7KXRF9BRS7M&hash=item2dbd75545b%3Ag%3AnSkAAOSwc9xmcc5G&itmprp=enc%3AAQAJAAAA4HoV3kP08IDx%2BKZ9MfhVJKn92pkPkTI14ft%2FC%2B1M%2BGfp884fbBeWZcb%2BdYi6U%2F57WMl4eaOpeMHN%2FMfilh2%2FzE175fb8R9Ggwdir4Zeki8WyiQwEQ0dJhtfG72HWXRjOkYCJLGRJj7122XRjjtvUWam73ywyBf7TcgDlIvx%2FxYiFpPO4Ak22ba%2FF2%2FBYIlhqsvMk4pncn2QWLv0qDSlGjiBhbCBeViCezcGKWpXoCh9Xm2i7cMYIs5gfgR7HfoFGJZrOKmiAwcL%2Fip6PxnSQZIkwKdAd51DvefmjTrSWEoOU%7Ctkp%3ABk9SR9qZ083pZA&var=496249350069,
10 Inch Android 11 Tablet Dual SIM 8GB RAM 256GB Storage Octa Core Processor,Brand New,"1,653,521.43 VND",Ope,Sponsored,https://www.ebay.com/itm/167014914262?_skw=tablet&itmmeta=01JD6DMSJVV6A57QNGG8ZFXRD5&hash=item26e2dd58d6:g:Zl8AAOSwZ25nBxoR&itmprp=enc%3AAQAJAAAA4HoV3kP08IDx%2BKZ9MfhVJKlSLWTdIFK6xJ09fMd2dekviQOaO5aT5%2BW9MtRe526GP1Tt1xwLHcvd%2B3K6MQP%2BAh3B5ySlZylVoQ%2FgLgXqgK7mmIJydidBwO9nLHQbf8YtViahV5fhbfy%2FQEdDh%2FCYnGMPNFFi%2F7j9BytAkUdxfanBRHD9arHdD%2BAIzNo4%2FTBUY7thi%2FbGsR08AbXPRs2aXMGbmkKXTCemEY40h07kvBvFjrvItjIgj8Pb8jmzqYMoLhejQvJwB%2Fvu537Pb23psnejdJKODkX1LCN%2BvexZ3sUL%7Ctkp%3ABk9SR9qZ083pZA,
Tablet For 11 2.4G 5G Tablet Phone With Dual SIM Card Slot 8GB 256GB Dual,Brand New,"1,724,219.88 VND",Ope,Sponsored,https://www.ebay.com/itm/176469591123?_skw=tablet&itmmeta=01JD6DMSJVHVMNA7JHZC57PX89&hash=item2916684453:g:hecAAOSwUMNmkkZf&itmprp=enc%3AAQAJAAAAwHoV3kP08IDx%2BKZ9MfhVJKm1MWIcCPfOIGCFwcQ9l%2BbaFuxNcd5irFJnKJC%2FV8Iu44r3G7iLof1mbWEfooAgzr7LBRMZWPhgiW7rjm6Q1QzAJfKDtjXbXPOfw0E9HWkzrbWBMYP7wY0w4oa5VR0x%2FHoo8ePMTIbWawspx5HmqyZFJFL6SkT8ebdHQcoI3%2BHe8mz0jzpS8m9zbh8dx0ocJF5hAsvvcrKZ38PAU6kKrFD6ynyDWamPiV93Yuoud27wCQ%3D%3D%7Ctkp%3ABk9SR9qZ083pZA,
"2022 Apple iPad 10th Gen 64/256GB WiFi 10.9"" Latest Model SHIPS SAME DAY!!!",Brand New,"8,966,553.00 VND",Ope,Sponsored,https://www.ebay.com/itm/334610464416?_skw=tablet&epid=10057128508&itmmeta=01JD6DMSJVNSWX481JV4VQYJCN&hash=item4de8567ea0%3Ag%3ARC4AAOSwyAtjXp%7ED&itmprp=enc%3AAQAJAAAA4HoV3kP08IDx%2BKZ9MfhVJKlTbLb%2BVg7ZFhwgAICsCO2wUFJdmMEwdWALnb0Z1QO4u0k4hXbmedC4lQ5euE9%2Br0OemjF7BjPu7ZKmuJKw%2FwZEPbWmcJsO8ZK%2Fx6mRN4xAKt4hQz1m8u2L0RDqLJrSSBTQhCXRum%2FFEwb9jugu6HGSTNuFehztxAO8xaiIdu5cftxcjBp31%2BTqUp4eDsvnDNFM6vUomq%2FMh1D5oiINbxdOUnfWyvHFtzvLcWlEZ%2B0UAMhgpEoob8ziFMY70kI8Iv5rJqja81OxoGou5cwl0qwD%7Ctkp%3ABk9SR9qZ083pZA&var=543726653675,
"Amazon Fire HD 8 8th Gen (2018) 8"" 16GB 32GB All Colors WiFi Alexa - Very Good",Very Good - Refurbished,"1,193,592.99 VND",Ope,Sponsored,https://www.ebay.com/itm/156450698231?_skw=tablet&itmmeta=01JD6DMSJVS1S8TFDNP6KHV2QY&hash=item246d3033f7%3Ag%3ABDwAAOSwRdpnBu%7EK&itmprp=enc%3AAQAJAAAAwHoV3kP08IDx%2BKZ9MfhVJKkDCsAPbl1DztjAdF%2Fw8j3CaTcLSkG3F7PCx2gZ4G64jxct3Gm5cRI5EciKAj6QblJormczPWNQVgFOhVG7xaFzNgSheuhzjiB8k6W8%2B%2BDLNIfpWKF%2Frvon5X9%2F8tEhfLKLRqzRqeNRktcWDNMwBd86RA6o1RhuvFqZ7bB2lm9JcfSeQ7aITKMoL6yWYegnoaToWJ51a7%2BY%2Bv%2FqAtUw%2FhG1DOqa3yv9E3aahEWtQ8SjgQ%3D%3D%7Ctkp%3ABk9SR9qZ083pZA&var=457552201910,
8 Inch Tablet 4GB RAM 64GB ROM Expandable Up To 128GB Dual Camera 1920x1200 IPS,Brand New,"1,076,576.78 VND",Ope,Sponsored,https://www.ebay.com/itm/355875238128?_skw=tablet&itmmeta=01JD6DMSJV0YSQPSWSZV1NV779&hash=item52dbd130f0%3Ag%3AYjAAAOSw8exmlmHF&itmprp=enc%3AAQAJAAAA4HoV3kP08IDx%2BKZ9MfhVJKmV8VYHyJlrvbl%2B6oMi7rioixonkIp%2BqsNttYs4ZkNzOYMHtHvnDX8ZweA9RdmAQcDUxZBMDuMGQxqnG5q4XTh%2BbKLst2YMIkD0VObrnT5ZaBtYNh%2BdbHdjpLwRTEJTBkHQ6GKsW2VLVQOSy5XH%2FKFzTiQmr%2BTX8XEtyXbkkLE5ja0dthI2FBaMPjovBUNiqgqkh7kB4GvaKOIHrFHtTPLxFZVkimTXabCFw8TmCN2b16DzCfC702PJAb3w1RD5Ri1anLEpPdAYkJkOC3IedXRj%7Ctkp%3ABk9SR9qZ083pZA&var=624936352433,
"SGIN T10 Pro 10.1"" Tablet 8GB RAM 128GB ROM Wi-Fi Only (Black) - NEW Sealed",Brand New,"1,473,003.99 VND",Ope,Sponsored,https://www.ebay.com/itm/235203449681?_skw=tablet&itmmeta=01JD6DMSJTBE9C2D8MS2ZKH8R6&hash=item36c337d351:g:aOkAAOSwDkhlA3Sh&itmprp=enc%3AAQAJAAAA4HoV3kP08IDx%2BKZ9MfhVJKnX0FIMUm18D81%2Bkq8zxjEcceMsgjmHNGguiZANkvomrJbEYl0w8JVkexNLVqpTcG1JnNqi3r0loNqsBIgh3ptP42AdNelIsfrH87rKnwcCcQXBbbRSwntcShdEr8Pn%2FONVOXXYmZoaFs0L5KDMkr52DFqUuX9f94Ra8fNiQ7u%2F1TnvZPgdAFW5R6b2Gn1crziN2crm9xE1%2FHzhvp%2FsHmvW5hZPP4q7PQT4u%2FqQP9BL6Qw0SyG8B9h62vyneShACS3NpECk46KJXvd4bfTTMmg4%7Ctkp%3ABk9SR9qZ083pZA,
"Apple iPad Pro 3 (2018) 12.9"" All Storage and Colors (WiFi or Cellular)",Good - Refurbished,"9,347,313.99 VND",Ope,Sponsored,https://www.ebay.com/itm/155364527592?_skw=tablet&itmmeta=01JD6DMSJVR920KVMBXVDXJRZN&hash=item242c728de8%3Ag%3A-7QAAOSwD0VmHcQm&itmprp=enc%3AAQAJAAAA4HoV3kP08IDx%2BKZ9MfhVJKmryIXEY6k3jEkp1Z%2BanMpmquwBrF1Y6yNRUZ0WX8AtMJ0mfuidnk98so%2FDZ596ZEIU83%2F%2BltotV3mwxv2KOXvv1W4fZZzQsOGCEtWht%2BdIEn5PPqOqMhsg4F5Z7mN9PqEHBVfo%2B4ffENJQbpzOFwzZBwL%2FXj3xsWvYrGfXw30OKjcTKBjCRh3cIcdwP84HqS4QNeW3YIkgoMufI5wV1QllkQ3F8%2B3LWfqpunSK8UMhYENk05SU7tQ%2Fd87wfIr%2B1jIpxjt2LFwwlM7zhWVBjEXK%7Ctkp%3ABk9SR9qZ083pZA&var=455569200139,
"Samsung Galaxy Tab A (2019) 10.1"" SM-T510 128GB  WiFi Tablet Open Box",Open Box,"4,063,905.99 VND",Ope,Sponsored,https://www.ebay.com/itm/176628849787?_skw=tablet&itmmeta=01JD6DMSJTSFBF9JA7QJ81BCPA&hash=item291fe65c7b%3Ag%3A9VEAAOSw6NZnDWnV&itmprp=enc%3AAQAJAAAA4HoV3kP08IDx%2BKZ9MfhVJKlKjBxfYdvPT0B70rLKEbMZo02XWzVQasfwbP3ZtTT6SpSjajAf4MxpDQ3T8V2XdhM9al74m6s7KjHoxNPBC3tNVfKJSGE6Nai8gcgdJDifD%2F9o%2FTZusE%2B8NgkrFRcMXT5Eg%2BZJCaoI14Qec0bW74iusxTGvWEsKk%2FqdU6PwJv2VZk3NPVwbqdCaNHgsdxtQmLqlAmwFO28%2BNWNK%2BiJou32Q9lwedgNOvFOPgwQaySPONG%2F4SUEtWWjNXqQRDBd35dB2vmbzc2myl3yV2HuCCO3%7Ctkp%3ABk9SR9qZ083pZA&var=476276276970,
"New Onn Surf Gen 3 7"" Tablet, 32GB 2.0 GHz + 2gb Ram Quad-Core Processor NIB",Brand New,"914,181.99 VND",Ope,Sponsored,https://www.ebay.com/itm/276669494271?_skw=tablet&epid=21056115279&itmmeta=01JD6DMSJT37555W4N335JC76X&hash=item406ac973ff:g:vmkAAOSwSWFm~zTU&itmprp=enc%3AAQAJAAAAwHoV3kP08IDx%2BKZ9MfhVJKkby5xwZzo1vgKjiH9qRrMJB8nW8MLLUjVXTjOdcytyyWeq4Y2bzCGKRfKvziCuJyuu%2FNLUb9L78Le8kDoY8TxXdNHc4UgxmYESJcZthpBOS4rhm%2FRBn9XVHJAQIB6aIlephU5XrfslxD8rE7QcLAKLDyzTzHT0EYLvy7yHwDKtcYct1v1G5%2FnM57TV7cFpIZWhq4%2B6%2FreIxIsMqMycY6t%2FXPqn0WDg0ss9fW2pV%2BPejQ%3D%3D%7Ctkp%3ABk9SR9qZ083pZA,
"Amazon Fire HD 10 Tablet (13th Generation 2023) 64GB, Wi-Fi, 10.1"" - Black",Brand New,"3,047,865.99 VND",Ope,Sponsored,https://www.ebay.com/itm/205106597507?_skw=tablet&itmmeta=01JD6DMSJTGQR5QKACD8FAC8WY&hash=item2fc14e4e83:g:AVUAAOSwNSRnJsGO&itmprp=enc%3AAQAJAAAA4HoV3kP08IDx%2BKZ9MfhVJKlxKrfEre0NnwOv6TGBM8%2BvbpCbtsx17UMoBkpG3cInzcXQQsr%2F%2BeTHyhXtaLrfqew666eXWaPKDpAWzP9QtwpEEXk95eKLbFM7YkGdT4Ieim3OgGgsgQ9aG61l3TTbTFTGaWfp4HOcodrWM%2Bxv3cHfRSesuHhRDGuH2PKBduhV%2B62hcTPaeStLXd5ox06VCxobug6GBU%2B3U9nExvHadu3HmUw3SrHkcML3%2B9bq2shhEGG2UD4lmGWeAQ7zr5P15GOv4duf37CnElCz6q%2BbuEdA%7Ctkp%3ABk9SR9qZ083pZA,
"NEW Amazon Fire 7 & HD 8 Tablet in 8GB, 16GB or 32GB 7th, 8th, 9th & 10th Gen",Brand New,"1,449,287.53 VND",Ope,Sponsored,https://www.ebay.com/itm/235699085272?_skw=tablet&itmmeta=01JD6DMSJTW217FSNE38P4DBW4&hash=item36e0c29fd8%3Ag%3AFCcAAOSwUl9mo2V3&itmprp=enc%3AAQAJAAAAwHoV3kP08IDx%2BKZ9MfhVJKlUUe1RukKg2zOJgbjMNscGOWPTwjal7aIbKvtQlQsOgS1WI%2B0GFl%2FxV%2Bxn7GkqK%2BFMsA3O0dFaxjWGVAo%2FM4sHYonUcei3j1q9u21lALL%2B6L3lqxXPIuTH9MTJkJOBp%2B1w2j%2BInt%2F5UzxKDtkU23%2FADlKeTq7ltRVdSR2np3IDZMW7iBL0ak8aWR%2F998kbTlVZVnAbGxnSdjP3hlZrbScDYeXy72Zci7q%2BwWh0P4Ygzg%3D%3D%7Ctkp%3ABk9SR9qZ083pZA&var=536118110708,
"Apple iPad 5th,6th,7th,8th,9th Generation 16GB,32GB,64GB,128GB, A Grade",Very Good - Refurbished,"4,155,547.72 VND",Ope,Sponsored,https://www.ebay.com/itm/185943963287?_skw=tablet&itmmeta=01JD6DMSJTHGVXZHTCD65MAJAB&hash=item2b4b1fb697%3Ag%3A2iQAAOSw7GlkjHzY&itmprp=enc%3AAQAJAAAAwHoV3kP08IDx%2BKZ9MfhVJKm1nkV7l3S3VODijf5Cb0QepSu7iFCHwQ314v%2Fa%2Fg%2F2pkdJcCAnVO1ssDREK18DaHd4w3XbHIcFRGdQxq5TtqtPg5XTEmbLmxKLnzYMev%2BL0gdPAF0yRYk2KUx7LPT4HxqBNFnNcW%2BqgYjOvkkPUyTaI7DHd0SOTf6y6R%2FTGGHysHtiLXj27hcac5DJ7zXu2AkdC8S28TGtMll9GEgH38Bwp3WwAHOIwvv1RPx%2FK8cIzg%3D%3D%7Ctkp%3ABk9SR9iZ083pZA&var=694124985788,
"Android Tablet Onn 8"" TBPRP100071483 Gen3 2Gb RAM 32Gb WiFi Purple New Open Box",Open Box,"988,098.90 VND",Ope,Sponsored,https://www.ebay.com/itm/167087900083?_skw=tablet&itmmeta=01JD6DMSJTB9B79WETBV70JHW8&hash=item26e73705b3:g:3qAAAOSwgkxlW-oH&itmprp=enc%3AAQAJAAAAwHoV3kP08IDx%2BKZ9MfhVJKl6LHWvO9ESWU4PMwE5PBh0Rz6VX3XPYH108Mufzd3ZKRBdLRyH7ar4k5DIeZ7VsFwqHHIOZBMjTGEa78%2FiRLbEBeJO8kZaiUqgTyDfKSWJl8N2Wge9JrT5Zo99zUskDiFJCS6MBcr%2FCUmG0Zp%2BOY56%2FxtVbcrV0xF7NKDC0BEmjryLlYsBuZ8ajNdG7SdCVVdVS8nKEi1uDzLw7Y6DVC0IXjRbPZPixhAcXR56qLj4yQ%3D%3D%7Ctkp%3ABk9SR9iZ083pZA,
"Apple iPad 6th Gen 9.7"" 32GB 128GB Silver Gold Gray WiFi or Cellular - Very Good",Very Good - Refurbished,"2,895,459.99 VND",Ope,Sponsored,https://www.ebay.com/itm/153587611655?_skw=tablet&itmmeta=01JD6DMSJTXNGPAS0YNPHJYD25&hash=item23c288f807%3Ag%3AwP4AAOSwqGpmeuIZ&itmprp=enc%3AAQAJAAAAwHoV3kP08IDx%2BKZ9MfhVJKlTJf%2B0hFJS7WCBbLIYG7dSa7oLKje7Xbv7jhP8WL9tugABUYbYEdt4sBsHx%2FXBo%2F4ewkvFQfUBg9ssRNW2PnU9osUqaSeomi0xnt4A8PFXcEWzD62h3cfmzy5sbs0VkKGYE1r622y8cehfPgvdKcHTaARiv9XoJS9ICRTFlrvCaQBkfNvOCniMp56swbx8NnNjx7sFxoGtFOGOTuDxGIAXoM22iIuYTP6sWfbYpVXKwQ%3D%3D%7Ctkp%3ABk9SR9iZ083pZA&var=454942912482,
"Samsung Galaxy Tab S5e 128GB Wi-Fi 10.5"" Tablet - EXCELLENT",Excellent - Refurbished,"3,759,348.00 VND",Ope,Sponsored,https://www.ebay.com/itm/326223964359?_skw=tablet&itmmeta=01JD6DMSJTQF2083662F5M3CAX&hash=item4bf476a8c7%3Ag%3A33wAAOSw8Dlml-tg&itmprp=enc%3AAQAJAAAA4HoV3kP08IDx%2BKZ9MfhVJKkhcI%2Bth23yokGPRKGt9YT0iO3zYeU%2FGWPhC5gKbUwl1D9qyVeIzlW2JtiEDQH%2F69BUmpzQrP0uqOxxzf6ac5HL--VqS8aN2KFxqaJOTCp1smq0miMxaaSq9M5gbCpL5F3Kssfq0rtgTIT%2FKQNKv409PzjQ3UAcYN%2BFDIR6QjIBuMPSGGavn5qq0V%2BqrQdzcODDsciVg9VZEh7F1BUZ3LW8xrRl6buEJ9qBVSFcWqeW%2Fa9xrXLCjmyO5E%2F0hoq6d%2BhMvUd6GeBrgh8LmYo3cryE%7Ctkp%3ABk9SR9iZ083pZA&var=515337622188,
"New Vortex BTAB10 Tablet *New-in-Box, Wi-Fi Ready",Open Box,"1,498,404.99 VND",Ope,Sponsored,https://www.ebay.com/itm/156328407872?_skw=tablet&itmmeta=01JD6DMSJT66B877AZ6D339V98&hash=item2465e63340:g:U-gAAOSwJWFmqAtr&itmprp=enc%3AAQAJAAAAwHoV3kP08IDx%2BKZ9MfhVJKmnJQhjVYvydJSeINsgrzepHLBC%2FQtNjreVPg4ePqjociUMFTGXBv0pQnA7bgd%2BRLKc1jj%2FU2Vq4zIXIRhtPRDNZTIgGxlDHegtRPnT4jMaLiADbYLO%2BzQEva5GpKx8%2B9jq1rTqBE7sbL5wvextR7o%2BTZgVlKCwojKKgtqeMbNayC4tjpiWo%2Fgastn7Z8zzFkWvhjYHZzsMrV3y%2BX36hs0sieY9uN%2FmKiAMBKfPAWc6vQ%3D%3D%7Ctkp%3ABk9SR9iZ083pZA,
"Lenovo Tab M10 (3rd Gen) 10.1"" 64 GB Storage 4 GB RAM Android 11 Grey",Excellent - Refurbished,"3,221,032.68 VND",Ope,Sponsored,https://www.ebay.com/itm/186724166682?_skw=tablet&epid=13058394603&itmmeta=01JD6DMSJTPAMS30GGMJSXYGAW&hash=item2b79a0ac1a:g:bt8AAOSwj9tnB-yB&itmprp=enc%3AAQAJAAAAwHoV3kP08IDx%2BKZ9MfhVJKkFxmFd3cAv9864Ge8o14oBUyx%2BtQlRJX1pNnEMgHZFfGBxhxLI1DJTPHNwIjgp0r6zHAWoftADYJsSARSxU7O4aoz4CrkzDL1ffXhcKwh3aoYb0mpDAhzZpaixlhqv7%2BYsgQq9Om%2BBWWjJys8S4%2BjDhjmI3J1cSQSZ7tFTXCe9JWJx9EHXs93B6M7tU5dkcQqCcfp05VmMTUYeEZeI90O%2BHwIzhJhnCFR8tKQtFyVvgA%3D%3D%7Ctkp%3ABk9SR9iZ083pZA,
Smart Tablet 16GB RAM 1TB ROM 2560X1600 Resolution 8 Core Multifunctional WiFi,Brand New,"3,222,965.50 VND",Ope,Sponsored,https://www.ebay.com/itm/166788862329?_skw=tablet&itmmeta=01JD6DMSJT7R5RRG12X0V49DYW&hash=item26d5641179:g:DXIAAOSw7lVmVXnI&itmprp=enc%3AAQAJAAAAwHoV3kP08IDx%2BKZ9MfhVJKmaLY4ntssKyelyNeMe8yzIDOE7rEIK%2FjWwfbnzdS0%2BTjEEQgblqJ3%2FbuGoWEzDgtkFKLMSDF%2FHWsKlA%2BVvwXfjLiJ4Pyc5P9Ge9ur6grSvKbDR3bd0r6onzRpB5RRLXGLbqR0Ox0izxBCP%2FEEG7K8o15fAwARM6qgstZctTGo23E8t7wsO%2BXybWuV%2F6JIjqPtdJP2XRmDLfcOijHJxOThGDkmh%2FiQI3vdyZok0nMfWvw%3D%3D%7Ctkp%3ABk9SR9iZ083pZA,
"Lenovo Tab M11 11"" Tablet 128GB - Storm Grey",Brand New,"5,079,945.99 VND",Ope,Sponsored,https://www.ebay.com/itm/196352456391?_skw=tablet&itmmeta=01JD6DMSJTG8ADWJK6XFKY8HMR&hash=item2db784b6c7:g:ZWkAAOSwK7JnNnl3&itmprp=enc%3AAQAJAAAA4HoV3kP08IDx%2BKZ9MfhVJKkw1PesuedofO1CioTOskRYMUs3boj9u7AEo5LPpkn3gLz%2Bu4dmt%2BY3dgZwno30Hv%2FfwBGDBtzRnJLn65AHBNcZ6I0v9vWvcIX4yUk%2BCC0CRMFYtG5hSdXT7sUHO4JYgzRSugx1ZRbxAHUlomY0Q0DF2WesWajo%2FdTF6ktTBSUVTbYqQhWyJ2lt%2FxrXMWtfKa6P7l%2BvYRmNmeWiKyd26zVS3wsZJsQBUHh0jJ0oVpgbNtEf%2BiMU1EygfWyI7lCPiIdM5hDZywYyTy0%2BJHIQWxJR%7Ctkp%3ABk9SR9iZ083pZA,
Apple iPad 10.9-inch 10th Generation (2022) 256GB Blue Wi-Fi A2696,Open Box,"10,134,999.00 VND",Ope,Sponsored,https://www.ebay.com/itm/255915253324?_skw=tablet&epid=25057112556&itmmeta=01JD6DMSJT2BK4AN9NZ3955X55&hash=item3b95bcde4c:g:exMAAOSweH5jtg2g&itmprp=enc%3AAQAJAAAA4HoV3kP08IDx%2BKZ9MfhVJKkPXjo25xEUmfVFsqLZiRDLyFHjdhAKfaRxp2U--dsSqztUPviH3eNDEvi7RZjpShL9An13BnLorphVoUeFjnNX0%2Fd8qD63yihPjT8Becws2uHi29OloWbXQ2yOro4eWgkZ3xPQvypTtjkFY6u4lHdXFkYNNimITGE0hMMWVeLZngd4Q%2Bfcr3OnA3BVklzaG58KmcJTW7NFV6gpmlGjQ8g3HgeKXFH2pn14ZWRw3gOIiWqQ1IW%2F95Zg8pTPfp1pAn65ywm8NG11MSkxETe%2FYUfE%7Ctkp%3ABk9SR9iZ083pZA,
"Apple iPad 9 (2021) 10.2"" 64GB 256GB Space Gray Silver WiFi or Cellular - Good",Good - Refurbished,"4,851,336.99 VND",Ope,Sponsored,https://www.ebay.com/itm/165337813141?_skw=tablet&itmmeta=01JD6DMSJTABD1TCEMHJE4930H&hash=item267ee6d095%3Ag%3AFMkAAOSwIsBjoiLG&itmprp=enc%3AAQAJAAAA4HoV3kP08IDx%2BKZ9MfhVJKkpQRbgElSzILw7a6XTPvgr5aeyp%2BSgrbz7OgLmvPA8GNgVQ1wxvuFebDm6DI8%2BQxPSUIbFyE8H%2FMJhw8KEaIgGU2TBqenpEtu16tsf4ufNEfjqhSws1GHO%2Fg2WRxwaUFcSt%2BAWVrfpRA6TSYBOvA3Ea1wTENl6bN99LjMueZQymC7OSR7%2FT3mOc1%2Bq6v8%2FhNViIGmu3xcwgYQ%2BVkFBqOOHfC8ad6tRpNiPkDp%2FRmWlCt%2Bsz8db8Cds%2FJLGl6sS1qW64ytkdy%2B%2FBRpSW9Eec%2BER%7Ctkp%3ABk9SR9iZ083pZA&var=464884485582,
Amazon Fire HD 10 Tablet 10â€ Display 32GB  64GB (11th Gen) denim lavender,Brand New,"2,285,835.99 VND",Ope,Sponsored,https://www.ebay.com/itm/303955636163?_skw=tablet&itmmeta=01JD6DMSJT950NAW7SXM29XBVJ&hash=item46c52aefc3%3Ag%3AUlwAAOSwHDRgcyJj&itmprp=enc%3AAQAJAAAA4HoV3kP08IDx%2BKZ9MfhVJKl5I%2Br%2FtAYrZZk4yb3Ry8j52TyydqS%2BHcbWgKnrEOqJG2sjjB2EEDgmCD51llfDzHzLZbWxGV2XQDF833zE6R0qxjG7hD0Tg%2FjDxmPKjbHFqmF%2F2Lc5g7bjZhRQyceYilWh%2ByzL5dwf%2FNS1Ph8mAmqPWHBi6HeK25GYpMzflk7bHja9nCto7yzDxQ3akXo%2FkiPf7fa4KuhEmbwRhEljYjcCGpXONI5yE8B5ObxjUkzhsaCNZXaCAL1EDQe2akGrIYjWqiezoDIRVMhJj6heN8Yk%7Ctkp%3ABk9SR9iZ083pZA&var=603483587525,
"BRAND NEW - BLU M8L 32GB, Wi-Fi + 4G (T-Mobile) Android Tablet with Case Bundle",Brand New,"1,269,795.99 VND",Ope,Sponsored,https://www.ebay.com/itm/325645596355?_skw=tablet&epid=25056369790&itmmeta=01JD6DMSJTS86JGMSWJPTGDCM4&hash=item4bd1fd76c3:g:avUAAOSwsZpkVlpN&itmprp=enc%3AAQAJAAAAwHoV3kP08IDx%2BKZ9MfhVJKlkAwcnckDT2KdZN%2Bd2cURqPvHTgrpwUB5ReInrPLtMeOLwsXZjF8Vtmo%2BR9anT%2FE4KbzFpsMifMGfcbALGh%2Fqy4yt9YD2nl7TZfAyFubgg9%2BagTxuKxLJ7%2B0GJ1B%2BnH2RhRFOLfkHGjtTGstxUT7EP7AFiKQEB7cQe1mH74QzUjZJiI5e5C0wEiaezBII5q19Z7Usife5n5AxrTdJNHXMaaGDQN8BmrRdavbho6VP9gw%3D%3D%7Ctkp%3ABk9SR9iZ083pZA,
Smart Tablet Tab Ultra Android 13 12GB+512GB 12'' 8800mAh WiFi Camera,Brand New,"2,511,142.86 VND",Ope,Sponsored,https://www.ebay.com/itm/387591414141?_skw=tablet&itmmeta=01JD6DMSJSTQTW459C8R6YPFAM&hash=item5a3e3fa17d%3Ag%3AO-kAAOSwaR9nLYfR&itmprp=enc%3AAQAJAAAAwHoV3kP08IDx%2BKZ9MfhVJKnfRsUMNokGePtRShJE8IubRdo%2B6jtKWr1WZh4TLb46cdj8ooCRV%2FgXdQZY2R8wQlC%2FSfVu5qnUpLfEaXSPUzMhwRnItzdt3q2UhBUGp85ZsHcu1uUovEyTJ%2FnfG4VUJSe5%2BYgQ8rCiTzZ64JGRWZyGxcTZJ1kmLVvpTPAAcMqc28QS59Fq1Z26IW4rbmtYUk59lR9%2Fbg1dKZ%2FbmNiaoJw60lh9LYcvgbtAFa316geA6g%3D%3D%7Ctkp%3ABk9SR9iZ083pZA&var=654833959984,
(Silver Grey)Airshi HD Tablet Dual SIM Card 100-240V UK Plug 8 24MP Dual Camera,Brand New,"1,520,801.61 VND",Ope,Sponsored,https://www.ebay.com/itm/364463336476?_skw=tablet&itmmeta=01JD6DMSJT429H0XVBW01JCZMJ&hash=item54dbb52c1c:g:1S8AAOSwjJVk-AqZ&itmprp=enc%3AAQAJAAAA4HoV3kP08IDx%2BKZ9MfhVJKljcnETDMekMVdx4eKXW--KHHc1vDrJb3YFNcKRbjMT4w4freBsSpgwOmgeejQE2s4Kyey%2Fnnn%2B8Wol4JKsAyz5bvKKSoO6egKySxI7Kr2uIIcdh3%2F2vIb5%2BRVro8acgESk9D6XV28aHeWqhMlHcSQYsx7mnhV1beRqLwXTX1ps9WOqmAtY3ANlXEPbAZtpr%2B5K%2FZ%2BPbp4d9Kcjw9kbG6ySSnhy1iN6NnMlv6BaYikKAEOfSejhkaSbVvb6SsLJbldKerEUeMcx%2BPebO4w9bpuR%7Ctkp%3ABk9SR9iZ083pZA,
"Samsung Galaxy Tab A 8.0""  32GB Silver",Brand New,"2,539,845.99 VND",Ope,Sponsored,https://www.ebay.com/itm/186721414197?_skw=tablet&epid=28042550872&itmmeta=01JD6DMSJSRG1QTRX99NXW8Z8P&hash=item2b7976ac35:g:S7wAAOSwk~RnBVYQ&itmprp=enc%3AAQAJAAAAwHoV3kP08IDx%2BKZ9MfhVJKlqxKSW7JvmTVs7SolJsV60au4OZgzWSltzgsmy1hxPPr4sGlSN4glzRuXiLhj0Ta3UcR0Q1M9Om6VVwmt0PT9srSAnWCr%2FtYNCaMNwUrqvUiyNkoZ5tmxj%2BwIHYYNZDwJEkIp4MXqJjGdKlZ7xBSLhv6EOJXcLrYISgmJJtcxECZ3D%2B9WRfy8nkcahKcymZLpn5MNZbDB%2BIRxbSqKepAh2StuRH63WgaX1wDzuJM4D%2BQ%3D%3D%7Ctkp%3ABk9SR9iZ083pZA,
"Samsung Galaxy Tab A9+ 11"" Inch 64GB / 4GB RAM Android  Navy SM-210NDBAXAR New",Brand New,"3,803,545.74 VND",Ope,Sponsored,https://www.ebay.com/itm/226015463432?_skw=tablet&itmmeta=01JD6DMSJSHJMQ91BBM1Z9M44X&hash=item349f924808:g:fPAAAOSwEGpl2CP8&itmprp=enc%3AAQAJAAAA4HoV3kP08IDx%2BKZ9MfhVJKksiXNleWBqok%2B%2FYXE%2FLkEneq9RZTtrjAPITaLyJPqPnVclzlJZvrgJGK2NT4%2F7oF8W61g4Kb5Aoi9%2B6LwgUi576avksylkd9gML1HpVBTat8AtFfAfsF5laW9cJRORHCsic39aKWmuBw3LcZiK4GEw3aeIGWrYOkadIbZ7%2BkatXmtdZX4%2BwQIa6TRSArz49MKltuKhcoH%2F8bnjUuIdbsI0u6fjkrf9Ux72KfEGnQyc2UrEztLTzCJQevPuTDkw50lOYzHqUeVDjbxm%2F7RdndQu%7Ctkp%3ABk9SR9iZ083pZA,
"Apple iPad 9 (2021) 10.2"" 64GB 256GB Gray Silver WiFi or Cellular - Excellent",Excellent - Refurbished,"6,553,203.99 VND",Ope,Sponsored,https://www.ebay.com/itm/154850446730?_skw=tablet&itmmeta=01JD6DMSJSWK6EPRHN5MPEJ2P0&hash=item240dce4d8a%3Ag%3AngMAAOSw1TFjUYXJ&itmprp=enc%3AAQAJAAAAwHoV3kP08IDx%2BKZ9MfhVJKlZAR4BkECuK7wQITFyldZvN6vf4ijBdzwJdyE7NIoCzN9dUrq7piPUZpQ20PHovJLhrV%2Fm3gGDqWn9olk%2B%2F26%2BQHkEOAopgFz8mRsW%2F5GQqErjzBkGiSk6HhNtstVyWCbSwmBXg7AwD0U2%2BNXQNMnZhYBtnCPKu8U98%2B4u0%2FtLFNz5Ga6uMIQzhCUXzHimQP%2B3Air1tt7d7SLYpjy1%2FqArf3yNr1%2BgOXLjm8NyQLRAVg%3D%3D%7Ctkp%3ABk9SR9aZ083pZA&var=454959652041,
"UMIDIGI A13 Tab 128GB, 8GB RAM, T616 Octa-Core, 10.5"" FHD+ Android 13 Tablet",Brand New,"3,221,032.68 VND",Ope,Sponsored,https://www.ebay.com/itm/204902789858?_skw=tablet&itmmeta=01JD6DMSJSWJZJ3MH30WR74NAN&hash=item2fb52872e2:g:VLEAAOSw2QFmn7Bk&itmprp=enc%3AAQAJAAAA4HoV3kP08IDx%2BKZ9MfhVJKnEXg%2BRXw0XMWr%2BL7ziT9lx%2B912%2B3arbH0vS%2FA1QERBdD3coBGklE0FuRy%2BhvWCbIWEdpdVngMmNlpxmGTlcvN0LOUN9w46DtnCfzOMBxBkg1qP4H5J0tjjavZBSQ0vP0z4%2BQg%2BoAZLRtrA4YkAGZpaEwitvVFtpbB%2Bqrzug3PZa1AYXhPdNvEW3kemRcYJGNpcyLeVILRHSxqMXwYViZkD87fBAl4lknbTHD06Ut%2BWQoYhruUnnB4YHa8rEf3TI0tgrx6p6nrSx8WcryemEff8%7Ctkp%3ABk9SR9aZ083pZA,
"Apple iPad 8 10.2"" 32GB 128GB Gray Silver Gold Tablet WiFi or Cellular - Good",Good - Refurbished,"3,632,088.99 VND",Ope,Sponsored,https://www.ebay.com/itm/154854304863?_skw=tablet&itmmeta=01JD6DMSJSAVEN3Z8NH96DN3BC&hash=item240e092c5f%3Ag%3A9q4AAOSwOk5mWhg1&itmprp=enc%3AAQAJAAAA4HoV3kP08IDx%2BKZ9MfhVJKnv9vhpXFO78FTm4RrUv1E4QLbsDc%2Bcb1txU9Leagg5en84w2SMdqSk7g5QNoPPRiOSAZOg5gAF2SYiRLsyGLk6SEBXAZ8QscgNaCi6m6yzpPXSpVh3i10DgK%2Be%2F9FR2zuLmO8gXRB0itX4gMVEUP2LMym7ypAkRNuEq%2BQyGnLjT%2BeuRDf4vLSf%2B7vIhdHuo1rXkv5y2F91JhkfUqJvFCgmzcNgeT5X%2Fg12yIXB6mSBaE6dPIg%2FbdUJ945BD1ep6huOISKNPwUeoZsqcD74z%2FgA%7Ctkp%3ABk9SR9aZ083pZA&var=454964027722,
8 Inch Tablet For 10 6GB 128GB 5G WIFI Dual Card Dual Standby Suppor TDM,Brand New,"889,093.93 VND",Ope,Sponsored,https://www.ebay.com/itm/355803624412?_skw=tablet&itmmeta=01JD6DMSJSVJR7PZT64EJ5JNM4&hash=item52d78c73dc%3Ag%3ATeAAAOSwEFBmcdQi&itmprp=enc%3AAQAJAAAAwHoV3kP08IDx%2BKZ9MfhVJKk7%2BJD1fJV1XpY9ZTOVlAbSETs3pusE%2BCk%2Bu%2BjtxrpDtLjDIqR4fpWFKQ1zERyCHNYtMrj53JZ%2FV%2BcLr2jqrlG5NzStPoPATXeaNosW4qRtOWy6%2FYa352FrG95R%2Fy6Cs40NDoY%2FSdEJHmlQUuiANFvsdL%2FUPMNf%2FaA%2BjhkZm9fC4F2oR8UrC35XNZ0RIzehG%2B04AdVDhohNL5J1dOC4x9xRbYSkiyHp1ki53zqJ%2B0tj4w%3D%3D%7Ctkp%3ABk9SR9aZ083pZA&var=624877692126,
Samsung Galaxy Tab A9+ Plus 64GB Gray Wi-Fi Tablet SM-X210 2023 NEW OPEN BOX,Open Box,"3,809,641.98 VND",Ope,Sponsored,https://www.ebay.com/itm/166915914622?_skw=tablet&epid=20065586298&itmmeta=01JD6DMSJSC9FQVY0HQGFC3RXT&hash=item26dcf6bb7e:g:vLYAAOSw7tJmujRy&itmprp=enc%3AAQAJAAAAwHoV3kP08IDx%2BKZ9MfhVJKlq8YRnCKT7dwfdzubPXYVpvqsSJiXEtbnOwgyb%2BKo%2BTWig5v7j3JY0xryZ9AaCm37t4PGQbGRoki63ZVmG81AkNkKFdPQZomS3Ggl4mB91xigcvXYivsElWkmc7crE6OgscSTbXx0KB%2Fqv9cZtDCMF3v5WahpJwmyjpHPIteY3dkU2TrYWsVqzhK7RjzQyhtzyW5eu7Zo0nfPSdS4%2Fb1Ca0OF0WPQtJLRNEl0wpjBsSg%3D%3D%7Ctkp%3ABk9SR9aZ083pZA,
10 Inch Tablet Dual SIM Octa Core 2GB 32GB Dual Cameras Speakers 1960x1080IP Fit,Brand New,"1,399,034.40 VND",Ope,Sponsored,https://www.ebay.com/itm/355876013859?_skw=tablet&itmmeta=01JD6DMSJSZD585EWP8G1E8EXB&hash=item52dbdd0723:g:hkYAAOSwVPRmlsdV&itmprp=enc%3AAQAJAAAAwHoV3kP08IDx%2BKZ9MfhVJKnjLgLuEe9p3jpOb4112GlCjZG9qJtOUB3rq%2BzwuDB%2FMa6bfp83JyInztEL3qeNX84sSa3Rtp8tXyU8N%2F9VJmlLpgHyWAFDdKKFtIwGnnTNdykupv4pRwCjzdr%2FM%2BEMcpHRlt5%2FhDck7zA6hA8BmtK4FCB6Oj%2FwpAACtz2vyi5vgs8247GnWp8p5eqUZ2cy2pTRQkQJe%2FPRugXXomZCwyBJ7F2IVV4CUXvzQGbG1qCZFw%3D%3D%7Ctkp%3ABk9SR9aZ083pZA,
"ðŸ”¥ NEW 2024 12th Gen AMAZON FIRE 8"" HD TABLET ALEXA 32GB Black/Emerald/Hibiscus",Brand New,"1,774,259.85 VND",Ope,Sponsored,https://www.ebay.com/itm/304887872123?_skw=tablet&itmmeta=01JD6DMSJS0CY9AFAWM5KME0KH&hash=item46fcbbba7b%3Ag%3ALIMAAOSwXTNnLB0N&itmprp=enc%3AAQAJAAAAwHoV3kP08IDx%2BKZ9MfhVJKlWlZdrAkOQ1M3drV7a%2FqaGpkx8eM6pUEcnROf2B4k20eif8zCh9ieVeW%2FGafPsezS3IeTuF3tQDI6y7k%2BNViSzZrwAIKYRW7417sxDYQ14AjaFAbl%2FP1DgDDKy%2FprD9WoNmOGNzq5fk6x8TKvY9SfdWON%2BzTA2IFTQCEm3Es6AbplsqhevT1P8%2B37WKpVBSN1%2F06OQgaPb3D%2FVwbevRv0Qo%2FWtcsCeTE7KGNDYoTx2Qg%3D%3D%7Ctkp%3ABk9SR9aZ083pZA&var=603884621780,
NuVision 16 GB Gold/White TM785M3 Android Tablet - #20240715130,Open Box,"507,765.99 VND",Ope,Sponsored,https://www.ebay.com/itm/176672814471?_skw=tablet&itmmeta=01JD6DMSJSFNEGZ0YB80X8323Y&hash=item2922853587:g:DWkAAOSwKLJmsWKJ&itmprp=enc%3AAQAJAAAAwHoV3kP08IDx%2BKZ9MfhVJKmj2xhyjblq5A7qBzrTc0iKrvdiK2IM8Kg7riGAUB1yRWZPep2mAHC59%2FdblYFw1hF4xFF7crz6x7hOEAev92vn1AZG34Hij6WLSqgXZ%2FAmLulHvjsx0EhHgB2cPhRkLC3sz%2F6KjzOEshC9%2Be7CSb9s710DM13UVoRCg53ZMk%2FY0cO8t7Y4fRSNB5547CoQNsK%2BoF0U6qUkFUjXK2YkPZPbZXqgvh4bu4tS1RXYvVNhQg%3D%3D%7Ctkp%3ABk9SR9aZ083pZA,
SKY DEVICES Tablet PAD10 MAX UNLOCKED 10.1 Inch 64GB NEW,Brand New,"1,523,805.99 VND",Ope,Sponsored,https://www.ebay.com/itm/266754285461?_skw=tablet&itmmeta=01JD6DMSJSQ6D0YJMJZ5A5ZQNN&hash=item3e1bcb5f95:g:m34AAOSwa8RmD0CM&itmprp=enc%3AAQAJAAAA4HoV3kP08IDx%2BKZ9MfhVJKksJPrlyOX0bf0oiDW8U020xfM%2B3UE74uUZnxo8iRaZtuXzW0pcuHiFQvxlxPdiQJ5JW2E5Q7JaYm9JR5lemUY5vOBYo6qSaI1S1THjigwkruz237HLScEg9IYhVlMX%2FjYMHwvNK5MQpIvieipBjqGkILO8lWfjOw%2F6geTNeqZ4mH1lH8J9ZhvhrgAjm7RjPo9Z09kmpA%2F%2BMcEombGZ7KpRFqhmtFSze80aNpj4nvb9mtnOnABAp9nvVhUfGwRDe9hZf6qFRBdPMs6mu6BN3qJ5%7Ctkp%3ABk9SR9aZ083pZA,
"Brand New Samsung Galaxy Tab A9 X115 64GB 8.7"" Wifi+Cellular Unlocked",Brand New,"3,375,538.89 VND",Ope,Sponsored,https://www.ebay.com/itm/276487144165?_skw=tablet&itmmeta=01JD6DMSJS2QJ10Q9F021SKJ43&hash=item405feb02e5%3Ag%3A5QcAAOSwgR1mWChj&itmprp=enc%3AAQAJAAAA4HoV3kP08IDx%2BKZ9MfhVJKncOdGdm%2FzF1rR%2BYI5iNZeKDT20Fs8KIKCUqXZQ%2FMYaecX4Gk3FOZsg14V%2Ft53wqYP%2FOWXZF08WCgiW9RP91jejL8nfilWTO4I4cz61PnS2bOClHtE8h4bW%2FyBEBzssII0rlhbafUJwQPBBM9YMk14OfBfnFfnnBTqkV6JqR4dCZ3jSyVpCbLOwRRWcvzpcQXLcORbeoyF%2BZI2e2amUmXTGrFsWZvqC7pmQeUVahJBTA8Ex%2FCwqgwFwSOIKehQsaGzXSkQBqImR8pw%2Bxj9yfyyo%7Ctkp%3ABk9SR9aZ083pZA&var=2560008369780,
"Samsung Galaxy Tab E 8"" SM-T377V 16GB WiFi + Verizon Good (AVA)",Good - Refurbished,"913,165.95 VND",Ope,Sponsored,https://www.ebay.com/itm/193664629920?_skw=tablet&epid=842836158&itmmeta=01JD6DMSJSY3PKD7QFMR8YRG5Z&hash=item2d174fbca0:g:6rEAAOSwQUReWS7X&itmprp=enc%3AAQAJAAAAwHoV3kP08IDx%2BKZ9MfhVJKk5KQDHnnbfv2Iqez5jckkXDhpt13Vzs9%2FXrwWlwrmTiEqbfqU9JAEB0cOIIov%2FZ6pzK7Es4gW4TiATppSwC9xvaN0dSZaTNuKHvVa7hEG4808NAjv4J7LVPk4m9cJ3smeEYd%2B8jwTokmqoCtZvkTQNs1T4uAL%2B2vkDZ0GByAA7ErLCpbslQv4CWLTv4ONzwe40G2l4m7NjlsFMHt8Q4vTQddXnmKoYTWFX0n9KBOQ4%2BA%3D%3D%7Ctkp%3ABk9SR9aZ083pZA,
VORTEX ZTAB10 10â€ Tablet Black 4G LTE 4GB RAM. 32GB. Android SEALED,Brand New,"1,447,602.99 VND",Ope,Sponsored,https://www.ebay.com/itm/156530674450?_skw=tablet&itmmeta=01JD6DMSJS46BAV3PKEDDFZYFD&hash=item2471f48b12:g:ZwQAAOSw3jlmRVcn&itmprp=enc%3AAQAJAAAAwHoV3kP08IDx%2BKZ9MfhVJKkO%2B9g8Uys0aKgRMnKB4wbeLnMR7FtNzMaVVo%2B6%2FI348UQsA%2BZlAWsTMpWj4jmwxDM5Xpx6VE99oUAcAVYkzoe3xFUiVMmGd0AAYq32aSY27Ujxu6W8ayvi0yPFyo1HpqYqqaOnWd4KCtXoQjkZGuVeoZ4xzTXpAhDlGbLMYqX8zD%2FtzYV4sFHmoh8HHhTgo4ya09RI3z1UT1ll66%2BxWTk9mfp724Itl0oPYOLyxFaq1Q%3D%3D%7Ctkp%3ABk9SR9aZ083pZA,
"Mint A+ Apple iPad 10 2022 10.9"" 64GB 256GB All Colors WiFi Or Cellular Unlocked",Excellent - Refurbished,"9,093,303.99 VND",Ope,Sponsored,https://www.ebay.com/itm/166066835382?_skw=tablet&itmmeta=01JD6DMSJS10AF658FN63BW152&hash=item26aa5acfb6%3Ag%3A6H8AAOSw3FVlfTTv&itmprp=enc%3AAQAJAAAAwHoV3kP08IDx%2BKZ9MfhVJKkFgHZ%2FY1h%2FuCWO17ac0r4sNXyqxEsyxvCPArQ8SI97mdkRoM7or0g6NrV%2BuRtoWAjWXWLrYfrPdVxJAj%2BnZ9Dx6MWOe1PzRMsymqkClmSBd5SzJCFchAUZhr1lldy59hQxOMr7NmZzUUitMQ6fx41VeOclEQwz8zLk7kY%2F1AT%2BziviX6nA6zHWsky1C%2B6ebLtniI6eao2dxm%2Ft9xquOuLCpZiz2lTEnKnxcDS6Hdshyw%3D%3D%7Ctkp%3ABk9SR9aZ083pZA&var=465572557762,
Amazon Fire HD 8 Tablet 16GB | 8 Inch  HD Display | WI-FI | Alexa | Blue,Excellent - Refurbished,"1,125,863.51 VND",Ope,Sponsored,https://www.ebay.com/itm/115938715768?_skw=tablet&itmmeta=01JD6DMSJSK6WRP801S2PWB6YN&hash=item1afe7c6878:g:itgAAOSw4-9lLWV5&itmprp=enc%3AAQAJAAAAwHoV3kP08IDx%2BKZ9MfhVJKkxOUtz7%2BsYnTnTonkv8TjX5NLFuJoIQLWtjO%2Fwt%2FyC7nXBBdROFSqPoVQoFwEMTbgJNG%2BPN0CmP7gxmxYXmyo8mV3eQNdTTOtZWs9lsOaa7T5fjLXW%2BFeq8DKQ4xaoMbUf9boGFGftC%2F2fc48q2Y1iatifrxHXbdgLhUumRuEySeE7%2FjcIYunn0r2X%2FQjynG7%2FcWOy%2Fl0IJzmVQRRd0Ldg9Pp5Ao3jZQp%2BIT3s5finEQ%3D%3D%7Ctkp%3ABk9SR9aZ083pZA,
TCL Tab NXTPAPER 11 Tablet - Dark Grey - 128GB 4GB RAM - WiFi - New - Android 13,Brand New,"4,831,710.09 VND",Ope,Sponsored,https://www.ebay.com/itm/156529877324?_skw=tablet&itmmeta=01JD6DMSJSYVDCPJ07DQ4NWJDH&hash=item2471e8614c:g:yKwAAOSwEohnPI4c&itmprp=enc%3AAQAJAAAA4HoV3kP08IDx%2BKZ9MfhVJKlTRrkU8H78GYwisKFfzlUND7ryqt0KpsSE2FnL%2F80p5ulKOG4OhCt8Prz30a3ufXMoqxFp%2FCFo3mgCTk%2BgDMqJgaiY%2BVx%2FYf5%2Bcw1aAKuXSCzaEh5PVzRUG0zqhfY4ZyCIYvv2cq%2B6UdpFcsqMvnJVhWsBA93lbRfw%2Bj7sQuVtzzCISBV7RJkFFepRoM1xr7%2BaYjApghYFAji5S6lCBZmR6%2BFRaa8kqadByOdCkmj46w02AZBXGg2e6kPxnDtUAre1m9ARzmQmnJjUDZxv78vI%7Ctkp%3ABk9SR9aZ083pZA,
"Apple iPad Air 4th Gen. 256GB, Wi-Fi, 10.9 in - Space Gray WIFI Excellent",Very Good - Refurbished,"8,255,325.00 VND",Ope,Sponsored,https://www.ebay.com/itm/356264362056?_skw=tablet&itmmeta=01JD6DMSJR4TP6C22HQKSDJJS2&hash=item52f302c048:g:b-EAAOSwqUJnN5Eo&itmprp=enc%3AAQAJAAAAwHoV3kP08IDx%2BKZ9MfhVJKlx1sSm9B1eYOespI2%2FhuuET2OvhOuxe9qkllCqMzs9%2FIzd1KxBa64l4oJCAllTiX2GDf4tpvLjUlrSNf1wrJ10sqzfb5MwYQNew%2FMU7E6iW5sp3265PlBT7e7D6YQySWFvTeoxVHAJOBov%2BWyTJVWigGO5sojDbqjBvAbjtxdO%2BrV%2Blgr2k0JejlBjkHwOEFgy0buSesR2Jjd5xYcnkO3PBx1VOfKgEDUbhpDXx25gHg%3D%3D%7Ctkp%3ABk9SR9aZ083pZA,
"Lenovo Tab P12 Pro Tablet 12.6"" AMOLED 2560x1600 Snap 870 6GB 128GB Android 12",Brand New,"10,160,145.99 VND",Ope,Sponsored,https://www.ebay.com/itm/276506342295?_skw=tablet&epid=21052412352&itmmeta=01JD6DMSJRQ2K4BTGJ2TBWMNFY&hash=item40610ff397:g:bqkAAOSwGqFmabVl&itmprp=enc%3AAQAJAAAAwHoV3kP08IDx%2BKZ9MfhVJKn13WK%2FYOYXIRXVp1L7BmGcW3SeMfJd1Xktugxctvhb7nEQblGwBOP956ebyJSG7BVS4qJda7PYNiiAwAbUP0VrKoKC7Su4pvjNwuA%2FNrngzT90Q%2BwuK0oqX8BJYc6C08togfgjXPXLj0I3rwlAXheB7zIb%2FgGUCi568FwgBWimRihJBoeaWUktzc4vxX7bJhYheAFs9NMskpvIwkrVsK4XgBt8DOfhagIWsvBcNkSdHQ%3D%3D%7Ctkp%3ABk9SR9aZ083pZA,
Amazon Kindle Paperwhite 11th Generation 16 GB,Brand New,"3,606,942.00 VND",Ope,Sponsored,https://www.ebay.com/itm/256686550882?_skw=tablet&itmmeta=01JD6DMSJRCXHKD2QB6A041XG9&hash=item3bc3b5ef62:g:tioAAOSwct9nGKLH&itmprp=enc%3AAQAJAAAA4HoV3kP08IDx%2BKZ9MfhVJKk3HuTTSRKR%2FWZ2IFbBZkUH1PwBQqN5yjhu%2BeAVyWLHtSs1Cb0FFvyF96puD%2F8eLJSQSW27gqaLl0FTFiae%2BmRmZE3A4P6W2OwWoAcpT5XRQsUt%2F8CrUmp3PnmYondPdlCy7sYQYiBugOE8kc6psWlJGByrWLQGo8S9FIMn7wB9d9le1paot6BD64w%2FiS2Qn8nt%2Bf%2B610aIpgsYKCaOwYU8tN1aJZVo7L5QyHSZU5z9uRJxoBx3UZVKbjX65HGdGjbxupnXuxe6l2mku6IVPgxi%7Ctkp%3ABk9SR9aZ083pZA,
"Apple iPad 10.2-inch 9th Gen. 256GB, Wi-Fi, Space Gray",Open Box,"7,594,899.00 VND",Ope,Sponsored,https://www.ebay.com/itm/363776874300?_skw=tablet&epid=3049292291&itmmeta=01JD6DMSJR0SPYX0FY9V333MRF&hash=item54b2ca973c:g:70cAAOSw0kFiPjcp&itmprp=enc%3AAQAJAAAA4HoV3kP08IDx%2BKZ9MfhVJKkKDf1mha4zoOyCPy9m4I5DTyCqSN3dEseKsdFcp54vp46NvG7Y5FqE%2B6IuKnjrboRewv4a%2BN%2BOHx3i0hImaeHAOUR9z7cxvC5%2BOetwRqbqy8s1dymgNZhBka9PpdMiPEfTpVcJ%2F4trvz4MShv28rmVVHIbhdaKfafY9igp0rr615XqHqMnrjR1IW9fAGJRuq9QGfLq0FjKIVeeNeD0RLtdU5BuhrEpMCAnhF%2BF%2FTkDyTCUrWUF2H26iO1u4ftMckR9hWz8f8PkCz2QNAEAmhGx%7Ctkp%3ABk9SR9SZ083pZA,
"Apple iPad Air 4 (2020) 10.9"" 64GB 256GB All Colors (WiFi or Cellular) - Good",Good - Refurbished,"6,934,218.99 VND",Ope,Sponsored,https://www.ebay.com/itm/155362615474?_skw=tablet&itmmeta=01JD6DMSJR85TSW2FAHT00KBE3&hash=item242c5560b2%3Ag%3AkVAAAOSwEz5ld95m&itmprp=enc%3AAQAJAAAAwHoV3kP08IDx%2BKZ9MfhVJKkmENnEWZfs4WBcdcbxLx89pmH37SnNToQgV6xlpfWG2APFnJv2sXcWqMFmF%2Fq54uoVlFnculiKj5LfR%2B4i3Bvog1znp1w%2Fo%2BdsSFmUI7pDOvwYPeQf4K2cEZ0FwUpX8aFuYQy8OIuhWl3O0snzuXKvU1pEPbbX0Q9pxU7YZqlwfrsxL1NILsBbGfsmLJnnj4ZV%2FsCozgniz%2FlnzSgwKeBCaA8Gtl7rp0DaZzzaAnMtKQ%3D%3D%7Ctkp%3ABk9SR9SZ083pZA&var=455568035701,
